year,tree_id,species,bb_doy,fbb_doy,fbb_minus_bb
1990,ACPE-01,ACPE,121,136,15
1991,ACPE-01,ACPE,119,124,5
1992,ACPE-01,ACPE,134,134,0
1993,ACPE-01,ACPE,116,130,14
1994,ACPE-01,ACPE,121,134,13
1995,ACPE-01,ACPE,126,134,8
1996,ACPE-01,ACPE,125,136,11
1997,ACPE-01,ACPE,129,138,9
1998,ACPE-01,ACPE,111,122,11
1999,ACPE-01,ACPE,120,NA,NA
2000,ACPE-01,ACPE,125,128,3
2001,ACPE-01,ACPE,123,NA,NA
2002,ACPE-01,ACPE,110,128,18
2003,ACPE-01,ACPE,127,132,5
2004,ACPE-01,ACPE,122,123,1
2005,ACPE-01,ACPE,128,132,4
2006,ACPE-01,ACPE,122,126,4
2007,ACPE-01,ACPE,126,130,4
2008,ACPE-01,ACPE,122,130,8
2009,ACPE-01,ACPE,119,119,0
2010,ACPE-01,ACPE,107,112,5
2011,ACPE-01,ACPE,125,128,3
2012,ACPE-01,ACPE,107,112,5
2013,ACPE-01,ACPE,124,128,4
2014,ACPE-01,ACPE,130,130,0
2015,ACPE-01,ACPE,126,129,3
2016,ACPE-01,ACPE,127,133,6
2017,ACPE-01,ACPE,118,122,4
2018,ACPE-01,ACPE,126,130,4
2019,ACPE-01,ACPE,127,128,1
2020,ACPE-01,ACPE,133,137,4
2021,ACPE-01,ACPE,120,125,5
2022,ACPE-01,ACPE,125,130,5
2023,ACPE-01,ACPE,116,125,9
1990,ACPE-02,ACPE,126,136,10
1991,ACPE-02,ACPE,119,128,9
1992,ACPE-02,ACPE,138,138,0
1993,ACPE-02,ACPE,123,130,7
1994,ACPE-02,ACPE,127,127,0
1995,ACPE-02,ACPE,128,139,11
1996,ACPE-02,ACPE,132,140,8
1997,ACPE-02,ACPE,134,144,10
1998,ACPE-02,ACPE,119,126,7
1999,ACPE-02,ACPE,125,144,19
2000,ACPE-02,ACPE,128,128,0
2001,ACPE-02,ACPE,124,124,0
2002,ACPE-02,ACPE,122,128,6
2003,ACPE-02,ACPE,132,132,0
2004,ACPE-02,ACPE,126,128,2
2005,ACPE-02,ACPE,132,132,0
2006,ACPE-02,ACPE,127,126,-1
2007,ACPE-02,ACPE,130,130,0
2008,ACPE-02,ACPE,129,130,1
2009,ACPE-02,ACPE,122,122,0
2010,ACPE-02,ACPE,114,116,2
2011,ACPE-02,ACPE,130,132,2
2012,ACPE-02,ACPE,113,118,5
2013,ACPE-02,ACPE,127,128,1
2014,ACPE-02,ACPE,133,134,1
2015,ACPE-02,ACPE,129,129,0
2016,ACPE-02,ACPE,133,133,0
2017,ACPE-02,ACPE,122,127,5
2018,ACPE-02,ACPE,127,130,3
2019,ACPE-02,ACPE,129,134,5
2020,ACPE-02,ACPE,137,137,0
2021,ACPE-02,ACPE,124,125,1
2022,ACPE-02,ACPE,130,130,0
2023,ACPE-02,ACPE,124,NA,NA
1990,ACPE-03,ACPE,124,153,29
1991,ACPE-03,ACPE,119,NA,NA
1992,ACPE-03,ACPE,134,141,7
1993,ACPE-03,ACPE,120,NA,NA
1994,ACPE-03,ACPE,127,134,7
1995,ACPE-03,ACPE,126,NA,NA
1996,ACPE-03,ACPE,132,140,8
1997,ACPE-03,ACPE,134,144,10
1998,ACPE-03,ACPE,122,126,4
1999,ACPE-03,ACPE,125,NA,NA
2000,ACPE-03,ACPE,128,130,2
2001,ACPE-03,ACPE,124,NA,NA
2002,ACPE-03,ACPE,121,128,7
2003,ACPE-03,ACPE,132,132,0
2004,ACPE-03,ACPE,123,128,5
2005,ACPE-03,ACPE,132,NA,NA
2006,ACPE-03,ACPE,126,134,8
2007,ACPE-03,ACPE,129,NA,NA
2008,ACPE-03,ACPE,130,134,4
2009,ACPE-03,ACPE,120,126,6
2010,ACPE-03,ACPE,115,116,1
2011,ACPE-03,ACPE,128,132,4
2012,ACPE-03,ACPE,112,124,12
2013,ACPE-03,ACPE,128,128,0
2014,ACPE-03,ACPE,133,138,5
2015,ACPE-03,ACPE,129,129,0
2016,ACPE-03,ACPE,131,133,2
2017,ACPE-03,ACPE,124,133,9
2018,ACPE-03,ACPE,128,134,6
2019,ACPE-03,ACPE,131,138,7
2020,ACPE-03,ACPE,137,150,13
2021,ACPE-03,ACPE,125,130,5
2022,ACPE-03,ACPE,130,134,4
2023,ACPE-03,ACPE,123,125,2
1990,ACPE-04,ACPE,129,141,12
1991,ACPE-04,ACPE,119,NA,NA
1992,ACPE-04,ACPE,138,141,3
1993,ACPE-04,ACPE,123,130,7
1994,ACPE-04,ACPE,135,134,-1
1995,ACPE-04,ACPE,131,139,8
1996,ACPE-04,ACPE,137,140,3
1997,ACPE-04,ACPE,136,144,8
1998,ACPE-04,ACPE,120,126,6
1999,ACPE-04,ACPE,128,NA,NA
2000,ACPE-04,ACPE,128,130,2
2001,ACPE-04,ACPE,127,NA,NA
2002,ACPE-04,ACPE,131,136,5
2003,ACPE-04,ACPE,137,138,1
2004,ACPE-04,ACPE,128,133,5
2005,ACPE-04,ACPE,132,NA,NA
2006,ACPE-04,ACPE,130,NA,NA
2007,ACPE-04,ACPE,130,NA,NA
2008,ACPE-04,ACPE,130,134,4
2009,ACPE-04,ACPE,125,129,4
2010,ACPE-04,ACPE,119,NA,NA
2011,ACPE-04,ACPE,130,136,6
2012,ACPE-04,ACPE,117,NA,NA
2013,ACPE-04,ACPE,128,132,4
2014,ACPE-04,ACPE,135,NA,NA
2015,ACPE-04,ACPE,129,NA,NA
2016,ACPE-04,ACPE,133,NA,NA
2017,ACPE-04,ACPE,128,NA,NA
2018,ACPE-04,ACPE,130,NA,NA
2019,ACPE-04,ACPE,134,138,4
2020,ACPE-04,ACPE,137,NA,NA
2021,ACPE-04,ACPE,129,130,1
2022,ACPE-04,ACPE,135,134,-1
2023,ACPE-04,ACPE,125,125,0
1990,ACRU-01,ACRU,121,104,-17
1991,ACRU-01,ACRU,129,97,-32
1992,ACRU-01,ACRU,138,112,-26
1993,ACRU-01,ACRU,120,108,-12
1994,ACRU-01,ACRU,135,103,-32
1995,ACRU-01,ACRU,130,114,-16
1996,ACRU-01,ACRU,119,102,-17
1997,ACRU-01,ACRU,137,113,-24
1998,ACRU-01,ACRU,125,93,-32
1999,ACRU-01,ACRU,130,95,-35
2000,ACRU-01,ACRU,131,93,-38
2001,ACRU-01,ACRU,124,110,-14
2002,ACRU-01,ACRU,132,100,-32
2003,ACRU-01,ACRU,139,108,-31
2004,ACRU-01,ACRU,132,106,-26
2005,ACRU-01,ACRU,134,100,-34
2006,ACRU-01,ACRU,138,95,-43
2007,ACRU-01,ACRU,133,112,-21
2008,ACRU-01,ACRU,133,111,-22
2009,ACRU-01,ACRU,129,102,-27
2010,ACRU-01,ACRU,121,94,-27
2011,ACRU-01,ACRU,133,108,-25
2012,ACRU-01,ACRU,125,82,-43
2013,ACRU-01,ACRU,129,104,-25
2014,ACRU-01,ACRU,137,111,-26
2015,ACRU-01,ACRU,132,110,-22
2016,ACRU-01,ACRU,136,90,-46
2017,ACRU-01,ACRU,137,104,-33
2018,ACRU-01,ACRU,133,112,-21
2019,ACRU-01,ACRU,139,110,-29
2020,ACRU-01,ACRU,142,94,-48
2021,ACRU-01,ACRU,136,94,-42
2022,ACRU-01,ACRU,136,98,-38
2023,ACRU-01,ACRU,129,100,-29
1990,ACRU-02,ACRU,120,96,-24
1991,ACRU-02,ACRU,119,97,-22
1992,ACRU-02,ACRU,131,112,-19
1993,ACRU-02,ACRU,119,108,-11
1994,ACRU-02,ACRU,125,108,-17
1995,ACRU-02,ACRU,126,108,-18
1996,ACRU-02,ACRU,125,102,-23
1997,ACRU-02,ACRU,132,113,-19
1998,ACRU-02,ACRU,120,93,-27
1999,ACRU-02,ACRU,126,100,-26
2000,ACRU-02,ACRU,130,93,-37
2001,ACRU-02,ACRU,123,110,-13
2002,ACRU-02,ACRU,127,100,-27
2003,ACRU-02,ACRU,133,108,-25
2004,ACRU-02,ACRU,125,106,-19
2005,ACRU-02,ACRU,131,106,-25
2006,ACRU-02,ACRU,128,95,-33
2007,ACRU-02,ACRU,130,112,-18
2008,ACRU-02,ACRU,128,111,-17
2009,ACRU-02,ACRU,122,102,-20
2010,ACRU-02,ACRU,113,94,-19
2011,ACRU-02,ACRU,128,108,-20
2012,ACRU-02,ACRU,113,82,-31
2013,ACRU-02,ACRU,125,110,-15
2014,ACRU-02,ACRU,134,111,-23
2015,ACRU-02,ACRU,130,110,-20
2016,ACRU-02,ACRU,133,90,-43
2017,ACRU-02,ACRU,128,104,-24
2018,ACRU-02,ACRU,127,112,-15
2019,ACRU-02,ACRU,128,110,-18
2020,ACRU-02,ACRU,137,102,-35
2021,ACRU-02,ACRU,130,94,-36
2022,ACRU-02,ACRU,132,98,-34
2023,ACRU-02,ACRU,126,100,-26
1990,ACRU-03,ACRU,132,104,-28
1991,ACRU-03,ACRU,125,100,-25
1992,ACRU-03,ACRU,138,120,-18
1993,ACRU-03,ACRU,125,108,-17
1994,ACRU-03,ACRU,135,108,-27
1995,ACRU-03,ACRU,139,120,-19
1996,ACRU-03,ACRU,132,111,-21
1997,ACRU-03,ACRU,139,108,-31
1998,ACRU-03,ACRU,122,93,-29
1999,ACRU-03,ACRU,129,100,-29
2000,ACRU-03,ACRU,130,93,-37
2001,ACRU-03,ACRU,124,110,-14
2002,ACRU-03,ACRU,131,100,-31
2003,ACRU-03,ACRU,136,108,-28
2004,ACRU-03,ACRU,128,106,-22
2005,ACRU-03,ACRU,133,100,-33
2006,ACRU-03,ACRU,129,95,-34
2007,ACRU-03,ACRU,130,112,-18
2008,ACRU-03,ACRU,131,104,-27
2009,ACRU-03,ACRU,124,109,-15
2010,ACRU-03,ACRU,116,94,-22
2011,ACRU-03,ACRU,128,108,-20
2012,ACRU-03,ACRU,120,82,-38
2013,ACRU-03,ACRU,128,104,-24
2014,ACRU-03,ACRU,137,111,-26
2015,ACRU-03,ACRU,129,110,-19
2016,ACRU-03,ACRU,135,90,-45
2017,ACRU-03,ACRU,129,104,-25
2018,ACRU-03,ACRU,130,112,-18
2019,ACRU-03,ACRU,133,104,-29
2020,ACRU-03,ACRU,138,94,-44
2021,ACRU-03,ACRU,131,94,-37
2022,ACRU-03,ACRU,135,98,-37
2023,ACRU-03,ACRU,131,100,-31
1990,ACRU-04,ACRU,124,96,-28
1991,ACRU-04,ACRU,116,97,-19
1992,ACRU-04,ACRU,134,120,-14
1993,ACRU-04,ACRU,121,108,-13
1994,ACRU-04,ACRU,128,108,-20
1995,ACRU-04,ACRU,128,104,-24
1996,ACRU-04,ACRU,120,111,-9
1997,ACRU-04,ACRU,131,108,-23
1998,ACRU-04,ACRU,113,93,-20
1999,ACRU-04,ACRU,125,95,-30
2000,ACRU-04,ACRU,128,93,-35
2001,ACRU-04,ACRU,122,110,-12
2002,ACRU-04,ACRU,127,100,-27
2003,ACRU-04,ACRU,127,108,-19
2004,ACRU-04,ACRU,124,106,-18
2005,ACRU-04,ACRU,122,100,-22
2006,ACRU-04,ACRU,124,95,-29
2007,ACRU-04,ACRU,126,112,-14
2008,ACRU-04,ACRU,122,111,-11
2009,ACRU-04,ACRU,120,109,-11
2010,ACRU-04,ACRU,109,94,-15
2011,ACRU-04,ACRU,125,108,-17
2012,ACRU-04,ACRU,109,NA,NA
2013,ACRU-04,ACRU,121,110,-11
2014,ACRU-04,ACRU,135,NA,NA
2015,ACRU-04,ACRU,126,116,-10
2016,ACRU-04,ACRU,132,NA,NA
2017,ACRU-04,ACRU,119,104,-15
2018,ACRU-04,ACRU,126,NA,NA
2019,ACRU-04,ACRU,128,NA,NA
2020,ACRU-04,ACRU,137,102,-35
2021,ACRU-04,ACRU,125,101,-24
2022,ACRU-04,ACRU,130,NA,NA
2023,ACRU-04,ACRU,112,NA,NA
1990,ACRU-05,ACRU,119,96,-23
1991,ACRU-05,ACRU,114,97,-17
1992,ACRU-05,ACRU,131,120,-11
1993,ACRU-05,ACRU,117,102,-15
1994,ACRU-05,ACRU,122,108,-14
1995,ACRU-05,ACRU,126,104,-22
1996,ACRU-05,ACRU,120,106,-14
1997,ACRU-05,ACRU,128,108,-20
1998,ACRU-05,ACRU,111,93,-18
1999,ACRU-05,ACRU,120,100,-20
2000,ACRU-05,ACRU,127,93,-34
2001,ACRU-05,ACRU,121,110,-11
2002,ACRU-05,ACRU,108,100,-8
2003,ACRU-05,ACRU,126,108,-18
2004,ACRU-05,ACRU,122,106,-16
2005,ACRU-05,ACRU,121,100,-21
2006,ACRU-05,ACRU,121,95,-26
2007,ACRU-05,ACRU,125,112,-13
2008,ACRU-05,ACRU,117,104,-13
2009,ACRU-05,ACRU,119,102,-17
2010,ACRU-05,ACRU,106,94,-12
2011,ACRU-05,ACRU,125,108,-17
2012,ACRU-05,ACRU,107,82,-25
2013,ACRU-05,ACRU,122,104,-18
2014,ACRU-05,ACRU,132,111,-21
2015,ACRU-05,ACRU,128,110,-18
2016,ACRU-05,ACRU,126,90,-36
2017,ACRU-05,ACRU,120,104,-16
2018,ACRU-05,ACRU,126,112,-14
2019,ACRU-05,ACRU,127,104,-23
2020,ACRU-05,ACRU,126,94,-32
2021,ACRU-05,ACRU,125,94,-31
2022,ACRU-05,ACRU,128,98,-30
2023,ACRU-05,ACRU,117,100,-17
1990,ACSA-01,ACSA,118,104,-14
1991,ACSA-01,ACSA,114,NA,NA
1992,ACSA-01,ACSA,124,NA,NA
1993,ACSA-01,ACSA,116,134,18
1994,ACSA-01,ACSA,121,NA,NA
1995,ACSA-01,ACSA,126,NA,NA
1996,ACSA-01,ACSA,119,NA,NA
1997,ACSA-01,ACSA,126,NA,NA
1998,ACSA-01,ACSA,109,NA,NA
1999,ACSA-01,ACSA,120,NA,NA
2000,ACSA-01,ACSA,124,NA,NA
2001,ACSA-01,ACSA,120,NA,NA
2002,ACSA-01,ACSA,108,NA,NA
2003,ACSA-01,ACSA,123,NA,NA
2004,ACSA-01,ACSA,120,NA,NA
2005,ACSA-01,ACSA,117,NA,NA
2006,ACSA-01,ACSA,117,NA,NA
2007,ACSA-01,ACSA,123,NA,NA
2008,ACSA-01,ACSA,116,NA,NA
2009,ACSA-01,ACSA,116,NA,NA
2010,ACSA-01,ACSA,105,NA,NA
2011,ACSA-01,ACSA,121,NA,NA
2012,ACSA-01,ACSA,106,NA,NA
2013,ACSA-01,ACSA,121,NA,NA
2014,ACSA-01,ACSA,130,NA,NA
2015,ACSA-01,ACSA,124,NA,NA
2016,ACSA-01,ACSA,126,NA,NA
2017,ACSA-01,ACSA,118,NA,NA
2018,ACSA-01,ACSA,126,NA,NA
2019,ACSA-01,ACSA,121,NA,NA
2020,ACSA-01,ACSA,126,NA,NA
2021,ACSA-01,ACSA,119,NA,NA
2022,ACSA-01,ACSA,124,NA,NA
2023,ACSA-01,ACSA,112,NA,NA
1990,ACSA-02,ACSA,120,NA,NA
1991,ACSA-02,ACSA,114,NA,NA
1992,ACSA-02,ACSA,131,NA,NA
1993,ACSA-02,ACSA,117,NA,NA
1994,ACSA-02,ACSA,121,NA,NA
1995,ACSA-02,ACSA,126,NA,NA
1996,ACSA-02,ACSA,125,NA,NA
1997,ACSA-02,ACSA,125,NA,NA
1998,ACSA-02,ACSA,111,NA,NA
1999,ACSA-02,ACSA,120,NA,NA
2000,ACSA-02,ACSA,124,NA,NA
2001,ACSA-02,ACSA,120,NA,NA
2002,ACSA-02,ACSA,108,NA,NA
2003,ACSA-02,ACSA,127,NA,NA
2004,ACSA-02,ACSA,120,NA,NA
2005,ACSA-02,ACSA,118,NA,NA
2006,ACSA-02,ACSA,121,NA,NA
2007,ACSA-02,ACSA,126,NA,NA
2008,ACSA-02,ACSA,118,NA,NA
2009,ACSA-02,ACSA,119,NA,NA
2010,ACSA-02,ACSA,107,NA,NA
2011,ACSA-02,ACSA,124,NA,NA
2012,ACSA-02,ACSA,108,NA,NA
2013,ACSA-02,ACSA,121,NA,NA
2014,ACSA-02,ACSA,130,NA,NA
2015,ACSA-02,ACSA,126,NA,NA
2016,ACSA-02,ACSA,129,NA,NA
2017,ACSA-02,ACSA,118,NA,NA
2018,ACSA-02,ACSA,126,NA,NA
2019,ACSA-02,ACSA,123,NA,NA
2020,ACSA-02,ACSA,131,NA,NA
2021,ACSA-02,ACSA,120,NA,NA
2022,ACSA-02,ACSA,129,NA,NA
2023,ACSA-02,ACSA,112,NA,NA
1990,ACSA-03,ACSA,130,120,-10
1991,ACSA-03,ACSA,114,114,0
1992,ACSA-03,ACSA,134,130,-4
1993,ACSA-03,ACSA,122,NA,NA
1994,ACSA-03,ACSA,126,121,-5
1995,ACSA-03,ACSA,131,126,-5
1996,ACSA-03,ACSA,119,119,0
1997,ACSA-03,ACSA,135,NA,NA
1998,ACSA-03,ACSA,120,106,-14
1999,ACSA-03,ACSA,124,120,-4
2000,ACSA-03,ACSA,127,119,-8
2001,ACSA-03,ACSA,121,NA,NA
2002,ACSA-03,ACSA,124,108,-16
2003,ACSA-03,ACSA,127,120,-7
2004,ACSA-03,ACSA,126,120,-6
2005,ACSA-03,ACSA,132,124,-8
2006,ACSA-03,ACSA,123,114,-9
2007,ACSA-03,ACSA,129,122,-7
2008,ACSA-04,ACSA,117,116,-1
2009,ACSA-04,ACSA,119,115,-4
2010,ACSA-04,ACSA,111,NA,NA
2011,ACSA-04,ACSA,125,118,-7
2012,ACSA-04,ACSA,116,106,-10
2013,ACSA-04,ACSA,121,116,-5
2014,ACSA-04,ACSA,130,NA,NA
2015,ACSA-04,ACSA,126,122,-4
2016,ACSA-04,ACSA,132,114,-18
2017,ACSA-04,ACSA,118,110,-8
2018,ACSA-04,ACSA,126,NA,NA
2019,ACSA-04,ACSA,127,116,-11
2020,ACSA-04,ACSA,136,123,-13
2021,ACSA-04,ACSA,120,108,-12
2022,ACSA-04,ACSA,131,NA,NA
2023,ACSA-04,ACSA,115,107,-8
1990,AMSP-01,AMSP,121,116,-5
1991,AMSP-01,AMSP,119,114,-5
1992,AMSP-01,AMSP,124,130,6
1993,AMSP-01,AMSP,116,112,-4
1994,AMSP-01,AMSP,121,108,-13
1995,AMSP-01,AMSP,126,126,0
1996,AMSP-01,AMSP,119,114,-5
1997,AMSP-01,AMSP,123,138,15
1998,AMSP-01,AMSP,109,136,27
1999,AMSP-01,AMSP,120,114,-6
2000,AMSP-01,AMSP,124,134,10
2001,AMSP-01,AMSP,121,120,-1
2002,AMSP-01,AMSP,109,NA,NA
2003,AMSP-01,AMSP,127,123,-4
2004,AMSP-01,AMSP,120,NA,NA
2005,AMSP-01,AMSP,119,NA,NA
2006,AMSP-01,AMSP,121,NA,NA
2007,AMSP-01,AMSP,125,NA,NA
2008,AMSP-01,AMSP,117,NA,NA
2009,AMSP-01,AMSP,119,NA,NA
2010,AMSP-01,AMSP,101,NA,NA
2011,AMSP-01,AMSP,121,NA,NA
2012,AMSP-01,AMSP,112,NA,NA
2013,AMSP-01,AMSP,121,NA,NA
2014,AMSP-01,AMSP,129,NA,NA
2015,AMSP-01,AMSP,126,NA,NA
2016,AMSP-01,AMSP,122,NA,NA
2017,AMSP-01,AMSP,118,NA,NA
2018,AMSP-01,AMSP,126,NA,NA
2019,AMSP-01,AMSP,122,NA,NA
2020,AMSP-01,AMSP,124,NA,NA
2021,AMSP-01,AMSP,119,NA,NA
2022,AMSP-01,AMSP,128,NA,NA
2023,AMSP-01,AMSP,113,NA,NA
1990,AMSP-02,AMSP,121,136,15
1991,AMSP-02,AMSP,113,104,-9
1992,AMSP-02,AMSP,122,NA,NA
1993,AMSP-02,AMSP,116,102,-14
1994,AMSP-02,AMSP,109,115,6
1995,AMSP-02,AMSP,126,126,0
1996,AMSP-02,AMSP,115,NA,NA
1997,AMSP-02,AMSP,122,130,8
1998,AMSP-02,AMSP,106,111,5
1999,AMSP-02,AMSP,120,114,-6
2000,AMSP-02,AMSP,123,124,1
2001,AMSP-02,AMSP,120,124,4
2002,AMSP-02,AMSP,110,NA,NA
2003,AMSP-02,AMSP,123,123,0
2004,AMSP-02,AMSP,118,NA,NA
2005,AMSP-02,AMSP,114,NA,NA
2006,AMSP-02,AMSP,121,NA,NA
2007,AMSP-02,AMSP,122,NA,NA
2008,AMSP-02,AMSP,112,NA,NA
2009,AMSP-02,AMSP,117,NA,NA
2010,AMSP-02,AMSP,99,NA,NA
2011,AMSP-02,AMSP,120,NA,NA
2012,AMSP-02,AMSP,113,NA,NA
2013,AMSP-02,AMSP,121,NA,NA
2014,AMSP-02,AMSP,128,NA,NA
2015,AMSP-02,AMSP,123,NA,NA
2016,AMSP-02,AMSP,128,NA,NA
2017,AMSP-02,AMSP,118,NA,NA
2018,AMSP-02,AMSP,126,NA,NA
2019,AMSP-02,AMSP,122,NA,NA
2020,AMSP-02,AMSP,129,NA,NA
2021,AMSP-02,AMSP,115,NA,NA
2022,AMSP-02,AMSP,126,NA,NA
2023,AMSP-02,AMSP,114,NA,NA
1990,AMSP-03,AMSP,129,NA,NA
1991,AMSP-03,AMSP,125,NA,NA
1992,AMSP-03,AMSP,138,NA,NA
1993,AMSP-03,AMSP,119,NA,NA
1994,AMSP-03,AMSP,123,NA,NA
1995,AMSP-03,AMSP,126,NA,NA
1996,AMSP-03,AMSP,120,NA,NA
1997,AMSP-03,AMSP,131,NA,NA
1998,AMSP-03,AMSP,117,NA,NA
1999,AMSP-03,AMSP,124,NA,NA
2000,AMSP-03,AMSP,128,NA,NA
2001,AMSP-03,AMSP,124,124,0
2002,AMSP-03,AMSP,118,NA,NA
2003,AMSP-03,AMSP,131,NA,NA
2004,AMSP-03,AMSP,123,NA,NA
2005,AMSP-03,AMSP,124,NA,NA
2006,AMSP-03,AMSP,127,NA,NA
2007,AMSP-03,AMSP,128,NA,NA
2008,AMSP-03,AMSP,125,NA,NA
2009,AMSP-03,AMSP,120,NA,NA
2010,AMSP-03,AMSP,110,NA,NA
2011,AMSP-03,AMSP,126,NA,NA
2012,AMSP-03,AMSP,119,NA,NA
2013,AMSP-03,AMSP,124,NA,NA
2014,AMSP-03,AMSP,133,NA,NA
2015,AMSP-03,AMSP,129,NA,NA
2016,AMSP-03,AMSP,133,NA,NA
2017,AMSP-03,AMSP,123,NA,NA
2018,AMSP-03,AMSP,130,NA,NA
2019,AMSP-03,AMSP,129,NA,NA
2020,AMSP-03,AMSP,136,NA,NA
2021,AMSP-03,AMSP,125,NA,NA
2022,AMSP-03,AMSP,134,NA,NA
2023,AMSP-03,AMSP,NA,NA,NA
1990,AMSP-04,AMSP,116,110,-6
1991,AMSP-04,AMSP,119,100,-19
1990,ARSP-01,ARSP,119,NA,NA
1991,ARSP-01,ARSP,109,NA,NA
1992,ARSP-01,ARSP,134,NA,NA
1993,ARSP-01,ARSP,116,NA,NA
1994,ARSP-01,ARSP,118,134,16
1995,ARSP-01,ARSP,122,NA,NA
1996,ARSP-01,ARSP,115,NA,NA
1997,ARSP-01,ARSP,130,NA,NA
1998,ARSP-01,ARSP,109,NA,NA
1999,ARSP-01,ARSP,124,NA,NA
2000,ARSP-01,ARSP,121,NA,NA
2001,ARSP-01,ARSP,124,NA,NA
1991,ARSP-02,ARSP,111,109,-2
1992,ARSP-02,ARSP,120,148,28
1993,ARSP-02,ARSP,114,112,-2
1994,ARSP-02,ARSP,127,121,-6
1995,ARSP-02,ARSP,121,149,28
1996,ARSP-02,ARSP,115,111,-4
1997,ARSP-02,ARSP,125,157,32
1998,ARSP-02,ARSP,107,136,29
1999,ARSP-02,ARSP,120,NA,NA
2000,ARSP-02,ARSP,119,NA,NA
2001,ARSP-02,ARSP,123,NA,NA
1991,ARSP-03,ARSP,110,100,-10
1992,ARSP-03,ARSP,113,144,31
1993,ARSP-03,ARSP,117,142,25
2000,ARSP-04,ARSP,124,NA,NA
2001,ARSP-04,ARSP,122,NA,NA
1990,BEAL-01,BEAL,116,NA,NA
1991,BEAL-01,BEAL,111,124,13
1992,BEAL-01,BEAL,132,144,12
1993,BEAL-01,BEAL,109,134,25
1994,BEAL-01,BEAL,117,NA,NA
1995,BEAL-01,BEAL,126,NA,NA
1996,BEAL-01,BEAL,115,NA,NA
1997,BEAL-01,BEAL,130,NA,NA
1998,BEAL-01,BEAL,114,NA,NA
1999,BEAL-01,BEAL,124,NA,NA
2000,BEAL-01,BEAL,128,130,2
2001,BEAL-01,BEAL,122,NA,NA
2002,BEAL-01,BEAL,112,112,0
2003,BEAL-01,BEAL,129,123,-6
2004,BEAL-01,BEAL,124,NA,NA
2005,BEAL-01,BEAL,132,114,-18
2006,BEAL-01,BEAL,126,121,-5
2007,BEAL-01,BEAL,127,NA,NA
2008,BEAL-01,BEAL,127,116,-11
2009,BEAL-01,BEAL,119,119,0
2010,BEAL-01,BEAL,111,106,-5
2011,BEAL-01,BEAL,128,118,-10
2012,BEAL-01,BEAL,114,NA,NA
2013,BEAL-01,BEAL,126,120,-6
2014,BEAL-01,BEAL,133,130,-3
2015,BEAL-01,BEAL,128,NA,NA
2016,BEAL-01,BEAL,132,122,-10
2017,BEAL-01,BEAL,122,118,-4
2018,BEAL-01,BEAL,128,NA,NA
2019,BEAL-01,BEAL,128,122,-6
2020,BEAL-01,BEAL,137,NA,NA
2021,BEAL-01,BEAL,126,120,-6
2022,BEAL-01,BEAL,131,NA,NA
2023,BEAL-01,BEAL,130,NA,NA
1990,BEAL-02,BEAL,131,NA,NA
1991,BEAL-02,BEAL,130,132,2
1992,BEAL-02,BEAL,140,NA,NA
1993,BEAL-02,BEAL,118,NA,NA
1994,BEAL-02,BEAL,130,NA,NA
1995,BEAL-02,BEAL,131,NA,NA
1996,BEAL-02,BEAL,126,NA,NA
1997,BEAL-02,BEAL,141,NA,NA
1998,BEAL-02,BEAL,124,122,-2
1999,BEAL-02,BEAL,130,NA,NA
2000,BEAL-02,BEAL,130,128,-2
2001,BEAL-02,BEAL,124,NA,NA
2002,BEAL-02,BEAL,136,NA,NA
2003,BEAL-02,BEAL,138,132,-6
2004,BEAL-02,BEAL,130,NA,NA
2005,BEAL-02,BEAL,137,NA,NA
2006,BEAL-02,BEAL,134,126,-8
2007,BEAL-02,BEAL,130,NA,NA
2008,BEAL-02,BEAL,137,NA,NA
2009,BEAL-02,BEAL,127,NA,NA
2010,BEAL-02,BEAL,122,NA,NA
2011,BEAL-02,BEAL,134,120,-14
2012,BEAL-02,BEAL,127,NA,NA
2013,BEAL-02,BEAL,130,NA,NA
2014,BEAL-02,BEAL,137,NA,NA
2015,BEAL-02,BEAL,129,NA,NA
2016,BEAL-02,BEAL,133,NA,NA
2017,BEAL-02,BEAL,132,NA,NA
2018,BEAL-02,BEAL,133,NA,NA
2019,BEAL-02,BEAL,138,NA,NA
2020,BEAL-02,BEAL,141,NA,NA
2021,BEAL-02,BEAL,133,NA,NA
2022,BEAL-02,BEAL,134,NA,NA
2023,BEAL-02,BEAL,132,NA,NA
1990,BEAL-03,BEAL,127,NA,NA
1991,BEAL-03,BEAL,118,135,17
1992,BEAL-03,BEAL,136,144,8
1993,BEAL-03,BEAL,123,NA,NA
1994,BEAL-03,BEAL,130,NA,NA
1995,BEAL-03,BEAL,134,139,5
1996,BEAL-03,BEAL,115,111,-4
1997,BEAL-03,BEAL,133,134,1
1998,BEAL-03,BEAL,122,122,0
1999,BEAL-03,BEAL,126,NA,NA
2000,BEAL-03,BEAL,128,128,0
2001,BEAL-03,BEAL,124,NA,NA
2002,BEAL-03,BEAL,129,NA,NA
2003,BEAL-03,BEAL,133,127,-6
2004,BEAL-03,BEAL,123,NA,NA
2005,BEAL-03,BEAL,132,119,-13
2006,BEAL-03,BEAL,129,126,-3
2007,BEAL-03,BEAL,129,NA,NA
2008,BEAL-03,BEAL,130,116,-14
2009,BEAL-03,BEAL,123,119,-4
2010,BEAL-03,BEAL,117,112,-5
2011,BEAL-03,BEAL,129,120,-9
2012,BEAL-03,BEAL,126,NA,NA
2013,BEAL-03,BEAL,128,NA,NA
2014,BEAL-03,BEAL,135,130,-5
2015,BEAL-03,BEAL,128,NA,NA
2016,BEAL-03,BEAL,133,122,-11
2017,BEAL-03,BEAL,123,118,-5
2018,BEAL-03,BEAL,130,NA,NA
2019,BEAL-03,BEAL,134,122,-12
2020,BEAL-03,BEAL,137,NA,NA
2021,BEAL-03,BEAL,130,120,-10
2022,BEAL-03,BEAL,134,NA,NA
2023,BEAL-03,BEAL,126,118,-8
1990,BELE-01,BELE,118,NA,NA
1991,BELE-01,BELE,119,124,5
1992,BELE-01,BELE,134,144,10
1993,BELE-01,BELE,113,NA,NA
1994,BELE-01,BELE,127,134,7
1995,BELE-01,BELE,130,126,-4
1996,BELE-01,BELE,115,119,4
1997,BELE-01,BELE,132,138,6
1998,BELE-01,BELE,121,122,1
1999,BELE-01,BELE,127,NA,NA
2000,BELE-01,BELE,128,128,0
2001,BELE-01,BELE,124,NA,NA
2002,BELE-01,BELE,127,112,-15
2003,BELE-01,BELE,137,127,-10
2004,BELE-01,BELE,125,NA,NA
2005,BELE-01,BELE,135,NA,NA
2006,BELE-01,BELE,127,NA,NA
2007,BELE-01,BELE,129,NA,NA
2008,BELE-01,BELE,131,NA,NA
2009,BELE-01,BELE,123,NA,NA
2010,BELE-01,BELE,122,NA,NA
2011,BELE-01,BELE,131,NA,NA
2012,BELE-01,BELE,125,NA,NA
2013,BELE-01,BELE,128,NA,NA
2014,BELE-01,BELE,137,NA,NA
2015,BELE-01,BELE,129,NA,NA
2016,BELE-01,BELE,133,NA,NA
2017,BELE-01,BELE,130,NA,NA
2018,BELE-01,BELE,130,NA,NA
2019,BELE-01,BELE,136,NA,NA
2020,BELE-01,BELE,137,NA,NA
2021,BELE-01,BELE,133,NA,NA
2022,BELE-01,BELE,135,NA,NA
2023,BELE-01,BELE,132,NA,NA
1990,BELE-02,BELE,131,NA,NA
1991,BELE-02,BELE,130,NA,NA
1992,BELE-02,BELE,138,NA,NA
1993,BELE-02,BELE,123,NA,NA
1994,BELE-02,BELE,133,NA,NA
1995,BELE-02,BELE,134,134,0
1996,BELE-02,BELE,126,NA,NA
1997,BELE-02,BELE,136,NA,NA
1998,BELE-02,BELE,122,NA,NA
1999,BELE-02,BELE,129,NA,NA
2000,BELE-02,BELE,131,NA,NA
2001,BELE-02,BELE,124,NA,NA
2002,BELE-02,BELE,132,NA,NA
2003,BELE-02,BELE,139,NA,NA
2004,BELE-02,BELE,129,NA,NA
2005,BELE-02,BELE,140,150,10
2006,BELE-02,BELE,137,NA,NA
2007,BELE-02,BELE,130,NA,NA
2008,BELE-02,BELE,135,NA,NA
2009,BELE-02,BELE,126,NA,NA
2010,BELE-02,BELE,122,NA,NA
2011,BELE-02,BELE,132,NA,NA
2012,BELE-02,BELE,126,NA,NA
2013,BELE-02,BELE,128,NA,NA
2014,BELE-02,BELE,138,NA,NA
2015,BELE-02,BELE,129,NA,NA
2016,BELE-02,BELE,135,NA,NA
2017,BELE-02,BELE,134,NA,NA
2018,BELE-02,BELE,131,NA,NA
2019,BELE-02,BELE,138,NA,NA
2020,BELE-02,BELE,139,NA,NA
2021,BELE-02,BELE,136,NA,NA
2022,BELE-02,BELE,135,NA,NA
2023,BELE-02,BELE,131,NA,NA
1990,BELE-03,BELE,124,NA,NA
1991,BELE-03,BELE,119,NA,NA
1992,BELE-03,BELE,138,NA,NA
1993,BELE-03,BELE,116,NA,NA
1994,BELE-03,BELE,133,134,1
1995,BELE-03,BELE,130,NA,NA
1996,BELE-03,BELE,120,NA,NA
1997,BELE-03,BELE,131,NA,NA
1998,BELE-03,BELE,125,122,-3
1999,BELE-03,BELE,126,NA,NA
2000,BELE-03,BELE,134,128,-6
2001,BELE-03,BELE,124,NA,NA
2002,BELE-03,BELE,131,NA,NA
2003,BELE-03,BELE,139,132,-7
2004,BELE-03,BELE,128,NA,NA
2005,BELE-03,BELE,138,NA,NA
2006,BELE-03,BELE,137,NA,NA
2007,BELE-03,BELE,130,NA,NA
2008,BELE-03,BELE,133,NA,NA
2009,BELE-03,BELE,125,NA,NA
2010,BELE-03,BELE,121,NA,NA
2011,BELE-03,BELE,133,NA,NA
2012,BELE-03,BELE,125,NA,NA
2013,BELE-03,BELE,129,NA,NA
2014,BELE-03,BELE,138,NA,NA
2015,BELE-03,BELE,130,NA,NA
2016,BELE-03,BELE,136,NA,NA
2017,BELE-03,BELE,136,NA,NA
2018,BELE-03,BELE,130,NA,NA
2019,BELE-03,BELE,137,NA,NA
2020,BELE-03,BELE,138,NA,NA
2021,BELE-03,BELE,136,NA,NA
2022,BELE-03,BELE,134,NA,NA
2023,BELE-03,BELE,131,NA,NA
1990,BEPA-01,BEPA,124,NA,NA
1991,BEPA-01,BEPA,119,135,16
1992,BEPA-01,BEPA,134,144,10
1993,BEPA-01,BEPA,116,NA,NA
1994,BEPA-01,BEPA,127,134,7
1995,BEPA-01,BEPA,130,134,4
1996,BEPA-01,BEPA,119,114,-5
1997,BEPA-01,BEPA,134,134,0
1998,BEPA-01,BEPA,122,122,0
1999,BEPA-01,BEPA,126,NA,NA
2000,BEPA-01,BEPA,127,124,-3
2001,BEPA-01,BEPA,123,NA,NA
2002,BEPA-01,BEPA,126,112,-14
2003,BEPA-01,BEPA,127,123,-4
2004,BEPA-01,BEPA,123,NA,NA
2005,BEPA-01,BEPA,132,NA,NA
2006,BEPA-01,BEPA,129,NA,NA
2007,BEPA-01,BEPA,129,NA,NA
2008,BEPA-01,BEPA,128,NA,NA
2009,BEPA-01,BEPA,120,NA,NA
2010,BEPA-01,BEPA,115,NA,NA
2011,BEPA-01,BEPA,128,NA,NA
2012,BEPA-01,BEPA,124,NA,NA
2013,BEPA-01,BEPA,126,NA,NA
2014,BEPA-01,BEPA,136,NA,NA
2015,BEPA-01,BEPA,128,NA,NA
2016,BEPA-01,BEPA,133,NA,NA
2017,BEPA-01,BEPA,123,NA,NA
1990,BEPA-02,BEPA,118,NA,NA
1991,BEPA-02,BEPA,119,124,5
1992,BEPA-02,BEPA,131,NA,NA
1993,BEPA-02,BEPA,114,NA,NA
1994,BEPA-02,BEPA,122,134,12
1995,BEPA-02,BEPA,126,139,13
1996,BEPA-02,BEPA,115,NA,NA
1997,BEPA-02,BEPA,132,NA,NA
1998,BEPA-02,BEPA,118,126,8
1999,BEPA-02,BEPA,125,NA,NA
2000,BEPA-02,BEPA,124,NA,NA
2001,BEPA-02,BEPA,121,NA,NA
2002,BEPA-02,BEPA,112,108,-4
2003,BEPA-02,BEPA,125,123,-2
2004,BEPA-02,BEPA,120,NA,NA
2005,BEPA-02,BEPA,122,NA,NA
2006,BEPA-02,BEPA,124,NA,NA
2007,BEPA-02,BEPA,125,NA,NA
2008,BEPA-02,BEPA,124,NA,NA
2009,BEPA-02,BEPA,119,NA,NA
2010,BEPA-02,BEPA,107,NA,NA
2011,BEPA-02,BEPA,124,NA,NA
2012,BEPA-02,BEPA,112,NA,NA
2013,BEPA-02,BEPA,126,NA,NA
2014,BEPA-02,BEPA,135,NA,NA
2015,BEPA-02,BEPA,129,NA,NA
2016,BEPA-02,BEPA,133,NA,NA
1990,BEPA-03,BEPA,118,132,14
1991,BEPA-03,BEPA,119,128,9
1992,BEPA-03,BEPA,131,NA,NA
1993,BEPA-03,BEPA,117,NA,NA
1994,BEPA-03,BEPA,118,134,16
1995,BEPA-03,BEPA,126,NA,NA
1996,BEPA-03,BEPA,115,NA,NA
1997,BEPA-03,BEPA,131,NA,NA
1998,BEPA-03,BEPA,113,122,9
1999,BEPA-03,BEPA,120,NA,NA
2000,BEPA-03,BEPA,124,NA,NA
2001,BEPA-03,BEPA,120,NA,NA
2002,BEPA-03,BEPA,109,NA,NA
2003,BEPA-03,BEPA,124,NA,NA
2004,BEPA-03,BEPA,120,NA,NA
2005,BEPA-03,BEPA,125,NA,NA
2006,BEPA-03,BEPA,126,NA,NA
2007,BEPA-03,BEPA,127,NA,NA
2008,BEPA-03,BEPA,125,NA,NA
2009,BEPA-03,BEPA,119,NA,NA
2010,BEPA-03,BEPA,108,NA,NA
2011,BEPA-03,BEPA,123,NA,NA
2012,BEPA-03,BEPA,113,NA,NA
2013,BEPA-03,BEPA,125,NA,NA
1991,BEPA-04,BEPA,119,124,5
1992,BEPA-04,BEPA,131,144,13
1993,BEPA-04,BEPA,117,NA,NA
1994,BEPA-04,BEPA,122,134,12
1995,BEPA-04,BEPA,126,130,4
1996,BEPA-04,BEPA,116,102,-14
1997,BEPA-04,BEPA,132,134,2
1998,BEPA-04,BEPA,120,122,2
1999,BEPA-04,BEPA,125,125,0
2000,BEPA-04,BEPA,125,124,-1
2001,BEPA-04,BEPA,121,NA,NA
2002,BEPA-04,BEPA,111,108,-3
2003,BEPA-04,BEPA,124,120,-4
2004,BEPA-04,BEPA,120,NA,NA
2005,BEPA-04,BEPA,127,NA,NA
2006,BEPA-04,BEPA,123,NA,NA
2007,BEPA-04,BEPA,126,NA,NA
2008,BEPA-04,BEPA,121,NA,NA
2009,BEPA-04,BEPA,118,NA,NA
2010,BEPA-04,BEPA,108,NA,NA
2011,BEPA-04,BEPA,126,NA,NA
2012,BEPA-04,BEPA,115,NA,NA
2013,BEPA-05,BEPA,124,NA,NA
2014,BEPA-05,BEPA,130,NA,NA
2015,BEPA-05,BEPA,126,NA,NA
2016,BEPA-05,BEPA,129,NA,NA
2017,BEPA-05,BEPA,119,NA,NA
2018,BEPA-05,BEPA,126,NA,NA
2019,BEPA-05,BEPA,128,NA,NA
2020,BEPA-05,BEPA,135,NA,NA
2021,BEPA-05,BEPA,123,NA,NA
2022,BEPA-05,BEPA,130,NA,NA
2023,BEPA-05,BEPA,122,NA,NA
2014,BEPA-06,BEPA,134,NA,NA
2015,BEPA-06,BEPA,129,NA,NA
2016,BEPA-06,BEPA,133,NA,NA
2017,BEPA-06,BEPA,129,NA,NA
2018,BEPA-06,BEPA,129,NA,NA
2019,BEPA-06,BEPA,134,NA,NA
2020,BEPA-06,BEPA,137,NA,NA
2021,BEPA-06,BEPA,132,NA,NA
2022,BEPA-06,BEPA,NA,NA,NA
2023,BEPA-06,BEPA,NA,NA,NA
2017,BEPA-07,BEPA,120,NA,NA
2018,BEPA-07,BEPA,126,NA,NA
2019,BEPA-07,BEPA,129,NA,NA
2020,BEPA-07,BEPA,131,NA,NA
2021,BEPA-07,BEPA,125,NA,NA
2022,BEPA-07,BEPA,130,NA,NA
2023,BEPA-07,BEPA,125,NA,NA
2018,BEPA-08,BEPA,126,NA,NA
2019,BEPA-08,BEPA,129,NA,NA
2020,BEPA-08,BEPA,137,NA,NA
2021,BEPA-08,BEPA,126,NA,NA
2022,BEPA-08,BEPA,131,NA,NA
2023,BEPA-08,BEPA,126,NA,NA
1990,BEPO-01,BEPO,124,129,5
1991,BEPO-01,BEPO,116,128,12
1992,BEPO-01,BEPO,134,144,10
1993,BEPO-01,BEPO,116,134,18
1994,BEPO-01,BEPO,122,134,12
1995,BEPO-01,BEPO,126,130,4
1996,BEPO-01,BEPO,115,136,21
1997,BEPO-01,BEPO,134,NA,NA
1998,BEPO-01,BEPO,114,122,8
1999,BEPO-01,BEPO,125,NA,NA
2000,BEPO-01,BEPO,127,NA,NA
2001,BEPO-01,BEPO,123,NA,NA
1990,BEPO-02,BEPO,129,141,12
1991,BEPO-02,BEPO,125,135,10
1992,BEPO-02,BEPO,138,144,6
1993,BEPO-02,BEPO,123,NA,NA
1994,BEPO-02,BEPO,135,134,-1
1995,BEPO-02,BEPO,135,139,4
1996,BEPO-02,BEPO,119,132,13
1997,BEPO-02,BEPO,137,138,1
1998,BEPO-02,BEPO,122,126,4
1999,BEPO-02,BEPO,129,129,0
2000,BEPO-02,BEPO,128,130,2
2001,BEPO-02,BEPO,124,NA,NA
1990,BEPO-03,BEPO,128,132,4
1991,BEPO-03,BEPO,129,132,3
1992,BEPO-03,BEPO,138,141,3
1993,BEPO-03,BEPO,117,NA,NA
1994,BEPO-03,BEPO,129,134,5
1995,BEPO-03,BEPO,131,134,3
1996,BEPO-03,BEPO,119,102,-17
1997,BEPO-03,BEPO,136,NA,NA
1998,BEPO-03,BEPO,122,126,4
1999,BEPO-03,BEPO,129,NA,NA
2000,BEPO-03,BEPO,128,128,0
2001,BEPO-03,BEPO,124,NA,NA
1990,BEPO-04,BEPO,124,126,2
1991,BEPO-04,BEPO,119,124,5
1992,BEPO-04,BEPO,137,141,4
1993,BEPO-04,BEPO,117,NA,NA
1994,BEPO-04,BEPO,127,134,7
1995,BEPO-04,BEPO,130,134,4
1996,BEPO-04,BEPO,115,102,-13
1997,BEPO-04,BEPO,135,134,-1
1998,BEPO-04,BEPO,122,122,0
1999,BEPO-04,BEPO,126,132,6
2000,BEPO-04,BEPO,127,128,1
2001,BEPO-04,BEPO,123,NA,NA
1990,CADE-01,CADE,126,NA,NA
1991,CADE-01,CADE,120,NA,NA
1992,CADE-01,CADE,134,NA,NA
1993,CADE-01,CADE,121,NA,NA
1994,CADE-01,CADE,127,NA,NA
1995,CADE-01,CADE,128,NA,NA
1996,CADE-01,CADE,126,NA,NA
1997,CADE-01,CADE,134,NA,NA
1998,CADE-01,CADE,121,NA,NA
1999,CADE-01,CADE,126,NA,NA
2000,CADE-01,CADE,128,NA,NA
2001,CADE-01,CADE,122,NA,NA
1990,CADE-02,CADE,128,NA,NA
1991,CADE-02,CADE,125,NA,NA
1992,CADE-02,CADE,134,NA,NA
1993,CADE-02,CADE,123,NA,NA
1994,CADE-02,CADE,135,NA,NA
1995,CADE-02,CADE,132,NA,NA
1996,CADE-02,CADE,133,NA,NA
1997,CADE-02,CADE,134,NA,NA
1998,CADE-02,CADE,121,NA,NA
2000,CADE-02,CADE,128,NA,NA
1990,CADE-03,CADE,131,NA,NA
1991,CADE-03,CADE,129,NA,NA
1992,CADE-03,CADE,138,NA,NA
1993,CADE-03,CADE,121,NA,NA
1994,CADE-03,CADE,135,NA,NA
1995,CADE-03,CADE,132,NA,NA
1996,CADE-03,CADE,132,NA,NA
1997,CADE-03,CADE,135,NA,NA
1998,CADE-03,CADE,124,NA,NA
1999,CADE-03,CADE,126,NA,NA
2000,CADE-03,CADE,129,NA,NA
2001,CADE-03,CADE,124,NA,NA
1999,CADE-04,CADE,126,NA,NA
2001,CADE-04,CADE,124,NA,NA
1991,COAL-01,COAL,109,142,33
1992,COAL-01,COAL,113,160,47
1993,COAL-01,COAL,109,150,41
1999,COAL-01,COAL,120,125,5
2000,COAL-01,COAL,119,NA,NA
2001,COAL-01,COAL,120,NA,NA
2002,COAL-01,COAL,107,NA,NA
2003,COAL-01,COAL,120,160,40
2004,COAL-01,COAL,115,NA,NA
2005,COAL-01,COAL,112,NA,NA
2006,COAL-01,COAL,112,NA,NA
2007,COAL-01,COAL,124,NA,NA
2008,COAL-01,COAL,NA,NA,NA
1991,COAL-02,COAL,109,146,37
1992,COAL-02,COAL,120,NA,NA
1993,COAL-02,COAL,109,NA,NA
1994,COAL-02,COAL,115,162,47
1995,COAL-02,COAL,120,160,40
1996,COAL-02,COAL,115,NA,NA
1997,COAL-02,COAL,132,NA,NA
1991,COAL-03,COAL,109,146,37
1992,COAL-03,COAL,127,NA,NA
1993,COAL-03,COAL,113,160,47
1994,COAL-03,COAL,116,156,40
1995,COAL-03,COAL,121,154,33
1996,COAL-03,COAL,115,156,41
1997,COAL-03,COAL,126,164,38
1998,COAL-03,COAL,107,126,19
1999,COAL-03,COAL,120,150,30
2000,COAL-03,COAL,124,162,38
2001,COAL-03,COAL,120,153,33
2002,COAL-03,COAL,108,NA,NA
2003,COAL-03,COAL,123,160,37
2004,COAL-03,COAL,117,NA,NA
2005,COAL-03,COAL,116,NA,NA
2006,COAL-03,COAL,114,NA,NA
2007,COAL-03,COAL,122,NA,NA
2008,COAL-03,COAL,116,NA,NA
2009,COAL-03,COAL,117,NA,NA
2010,COAL-03,COAL,103,NA,NA
2011,COAL-03,COAL,121,NA,NA
2012,COAL-03,COAL,112,NA,NA
2013,COAL-03,COAL,122,NA,NA
2014,COAL-03,COAL,130,NA,NA
1998,COAL-04,COAL,117,131,14
1999,COAL-04,COAL,120,NA,NA
2000,COAL-04,COAL,NA,NA,NA
2001,COAL-04,COAL,150,NA,NA
2002,COAL-04,COAL,106,NA,NA
2003,COAL-04,COAL,NA,NA,NA
2004,COAL-04,COAL,NA,NA,NA
2005,COAL-04,COAL,NA,NA,NA
2006,COAL-04,COAL,NA,NA,NA
2007,COAL-04,COAL,NA,NA,NA
2008,COAL-04,COAL,NA,NA,NA
2009,COAL-04,COAL,NA,NA,NA
2010,COAL-04,COAL,NA,NA,NA
2011,COAL-04,COAL,NA,NA,NA
2012,COAL-04,COAL,NA,NA,NA
2013,COAL-04,COAL,NA,NA,NA
2014,COAL-04,COAL,NA,NA,NA
2015,COAL-04,COAL,NA,NA,NA
2016,COAL-04,COAL,NA,NA,NA
2017,COAL-04,COAL,NA,NA,NA
2018,COAL-04,COAL,NA,NA,NA
2019,COAL-04,COAL,NA,NA,NA
2020,COAL-04,COAL,NA,NA,NA
2021,COAL-04,COAL,NA,NA,NA
2022,COAL-04,COAL,NA,NA,NA
2023,COAL-04,COAL,NA,NA,NA
2009,COAL-05,COAL,116,NA,NA
2010,COAL-05,COAL,95,NA,NA
2011,COAL-05,COAL,118,NA,NA
2012,COAL-05,COAL,107,NA,NA
2013,COAL-05,COAL,120,NA,NA
2014,COAL-05,COAL,125,NA,NA
2015,COAL-05,COAL,120,NA,NA
2016,COAL-05,COAL,118,NA,NA
2017,COAL-05,COAL,116,NA,NA
2018,COAL-05,COAL,125,NA,NA
2019,COAL-05,COAL,122,NA,NA
2020,COAL-05,COAL,136,NA,NA
2021,COAL-05,COAL,NA,NA,NA
2022,COAL-05,COAL,NA,NA,NA
2023,COAL-05,COAL,NA,NA,NA
2015,COAL-06,COAL,119,NA,NA
2016,COAL-06,COAL,115,NA,NA
2017,COAL-06,COAL,117,NA,NA
2018,COAL-06,COAL,123,NA,NA
2019,COAL-06,COAL,119,NA,NA
2020,COAL-06,COAL,123,NA,NA
2021,COAL-06,COAL,122,NA,NA
2022,COAL-06,COAL,124,NA,NA
2023,COAL-06,COAL,112,NA,NA
1990,CRSP-01,CRSP,116,NA,NA
1991,CRSP-01,CRSP,111,NA,NA
1992,CRSP-01,CRSP,125,NA,NA
1993,CRSP-01,CRSP,118,NA,NA
1994,CRSP-01,CRSP,117,NA,NA
1995,CRSP-01,CRSP,120,NA,NA
1996,CRSP-01,CRSP,115,NA,NA
1997,CRSP-01,CRSP,123,NA,NA
1998,CRSP-01,CRSP,106,NA,NA
1999,CRSP-01,CRSP,120,NA,NA
2000,CRSP-01,CRSP,120,NA,NA
2001,CRSP-01,CRSP,124,NA,NA
2002,CRSP-01,CRSP,108,NA,NA
2003,CRSP-01,CRSP,130,NA,NA
2004,CRSP-01,CRSP,123,NA,NA
2005,CRSP-01,CRSP,122,NA,NA
2006,CRSP-01,CRSP,119,NA,NA
2007,CRSP-01,CRSP,126,NA,NA
2008,CRSP-01,CRSP,128,NA,NA
2009,CRSP-01,CRSP,116,NA,NA
2010,CRSP-01,CRSP,103,NA,NA
2011,CRSP-01,CRSP,124,NA,NA
2012,CRSP-01,CRSP,106,NA,NA
2013,CRSP-01,CRSP,121,NA,NA
2014,CRSP-01,CRSP,129,NA,NA
2015,CRSP-01,CRSP,127,NA,NA
2016,CRSP-01,CRSP,120,NA,NA
2017,CRSP-01,CRSP,118,NA,NA
2018,CRSP-01,CRSP,126,NA,NA
2019,CRSP-01,CRSP,124,NA,NA
2020,CRSP-01,CRSP,124,NA,NA
2021,CRSP-01,CRSP,113,NA,NA
2022,CRSP-01,CRSP,123,NA,NA
2023,CRSP-01,CRSP,111,NA,NA
1990,CRSP-02,CRSP,130,NA,NA
1991,CRSP-02,CRSP,124,NA,NA
1992,CRSP-02,CRSP,131,NA,NA
1993,CRSP-02,CRSP,116,NA,NA
1994,CRSP-02,CRSP,121,NA,NA
1995,CRSP-02,CRSP,126,NA,NA
1996,CRSP-02,CRSP,115,NA,NA
1997,CRSP-02,CRSP,127,NA,NA
1998,CRSP-02,CRSP,113,NA,NA
1999,CRSP-02,CRSP,124,NA,NA
2000,CRSP-02,CRSP,127,NA,NA
2001,CRSP-02,CRSP,123,NA,NA
2002,CRSP-02,CRSP,120,NA,NA
2003,CRSP-02,CRSP,127,144,17
2004,CRSP-02,CRSP,123,NA,NA
2005,CRSP-02,CRSP,118,NA,NA
2006,CRSP-02,CRSP,126,NA,NA
2007,CRSP-02,CRSP,126,NA,NA
2008,CRSP-02,CRSP,120,NA,NA
2009,CRSP-02,CRSP,119,NA,NA
2010,CRSP-02,CRSP,106,NA,NA
2011,CRSP-02,CRSP,124,NA,NA
2012,CRSP-02,CRSP,114,NA,NA
2013,CRSP-02,CRSP,123,NA,NA
2014,CRSP-02,CRSP,130,NA,NA
2015,CRSP-02,CRSP,126,NA,NA
2016,CRSP-02,CRSP,132,NA,NA
2017,CRSP-02,CRSP,118,NA,NA
2018,CRSP-02,CRSP,126,NA,NA
2019,CRSP-02,CRSP,124,NA,NA
2020,CRSP-02,CRSP,132,NA,NA
2021,CRSP-02,CRSP,120,NA,NA
2022,CRSP-02,CRSP,126,NA,NA
2023,CRSP-02,CRSP,115,NA,NA
1991,CRSP-03,CRSP,119,NA,NA
1992,CRSP-03,CRSP,134,NA,NA
1993,CRSP-03,CRSP,112,NA,NA
1994,CRSP-03,CRSP,121,NA,NA
1995,CRSP-03,CRSP,126,NA,NA
1996,CRSP-03,CRSP,125,NA,NA
1997,CRSP-03,CRSP,132,NA,NA
1998,CRSP-03,CRSP,117,NA,NA
1999,CRSP-03,CRSP,125,NA,NA
2000,CRSP-03,CRSP,128,NA,NA
2001,CRSP-03,CRSP,123,NA,NA
2002,CRSP-03,CRSP,126,NA,NA
2003,CRSP-03,CRSP,128,NA,NA
2004,CRSP-03,CRSP,124,NA,NA
2005,CRSP-03,CRSP,128,NA,NA
2006,CRSP-03,CRSP,125,NA,NA
2007,CRSP-03,CRSP,127,NA,NA
2008,CRSP-03,CRSP,126,NA,NA
2009,CRSP-03,CRSP,119,NA,NA
2010,CRSP-03,CRSP,112,NA,NA
2011,CRSP-03,CRSP,126,NA,NA
2012,CRSP-03,CRSP,116,NA,NA
2013,CRSP-03,CRSP,124,NA,NA
2014,CRSP-03,CRSP,130,NA,NA
2015,CRSP-03,CRSP,128,NA,NA
2016,CRSP-03,CRSP,130,NA,NA
2017,CRSP-03,CRSP,120,NA,NA
2018,CRSP-03,CRSP,126,NA,NA
2019,CRSP-03,CRSP,126,NA,NA
2020,CRSP-03,CRSP,134,NA,NA
2021,CRSP-03,CRSP,121,NA,NA
2022,CRSP-03,CRSP,135,NA,NA
2023,CRSP-03,CRSP,125,NA,NA
1990,FAGR-01,FAGR,134,NA,NA
1991,FAGR-01,FAGR,129,NA,NA
1992,FAGR-01,FAGR,138,NA,NA
1993,FAGR-01,FAGR,127,NA,NA
1994,FAGR-01,FAGR,135,NA,NA
1995,FAGR-01,FAGR,135,NA,NA
1996,FAGR-01,FAGR,138,NA,NA
1997,FAGR-01,FAGR,137,NA,NA
1998,FAGR-01,FAGR,124,NA,NA
1999,FAGR-01,FAGR,129,NA,NA
2000,FAGR-01,FAGR,130,NA,NA
2001,FAGR-01,FAGR,124,NA,NA
2002,FAGR-01,FAGR,130,NA,NA
2003,FAGR-01,FAGR,137,NA,NA
2004,FAGR-01,FAGR,129,NA,NA
2005,FAGR-01,FAGR,135,NA,NA
2006,FAGR-01,FAGR,138,NA,NA
2007,FAGR-01,FAGR,130,NA,NA
2008,FAGR-01,FAGR,131,NA,NA
2009,FAGR-01,FAGR,127,NA,NA
2010,FAGR-01,FAGR,122,NA,NA
2011,FAGR-01,FAGR,131,NA,NA
2012,FAGR-01,FAGR,132,NA,NA
2013,FAGR-01,FAGR,128,NA,NA
2014,FAGR-01,FAGR,137,NA,NA
2015,FAGR-01,FAGR,129,NA,NA
2016,FAGR-01,FAGR,137,NA,NA
2017,FAGR-01,FAGR,133,NA,NA
2018,FAGR-01,FAGR,133,NA,NA
2019,FAGR-01,FAGR,137,NA,NA
2020,FAGR-01,FAGR,137,NA,NA
2021,FAGR-01,FAGR,136,NA,NA
2022,FAGR-01,FAGR,134,NA,NA
2023,FAGR-01,FAGR,125,NA,NA
1990,FAGR-02,FAGR,128,NA,NA
1991,FAGR-02,FAGR,120,NA,NA
1992,FAGR-02,FAGR,131,NA,NA
1993,FAGR-02,FAGR,121,NA,NA
1994,FAGR-02,FAGR,127,NA,NA
1995,FAGR-02,FAGR,129,NA,NA
1996,FAGR-02,FAGR,127,NA,NA
1997,FAGR-02,FAGR,133,NA,NA
1998,FAGR-02,FAGR,121,178,57
1999,FAGR-02,FAGR,127,NA,NA
2000,FAGR-02,FAGR,128,NA,NA
2001,FAGR-02,FAGR,122,NA,NA
2002,FAGR-02,FAGR,123,NA,NA
1990,FAGR-03,FAGR,130,NA,NA
1991,FAGR-03,FAGR,125,NA,NA
1992,FAGR-03,FAGR,134,NA,NA
1993,FAGR-03,FAGR,126,NA,NA
1994,FAGR-03,FAGR,127,NA,NA
1995,FAGR-03,FAGR,132,NA,NA
1996,FAGR-03,FAGR,132,NA,NA
1997,FAGR-03,FAGR,134,NA,NA
1998,FAGR-03,FAGR,122,NA,NA
1999,FAGR-03,FAGR,125,NA,NA
2000,FAGR-03,FAGR,128,NA,NA
2001,FAGR-03,FAGR,123,NA,NA
2002,FAGR-03,FAGR,123,NA,NA
2003,FAGR-03,FAGR,132,NA,NA
2004,FAGR-03,FAGR,NA,NA,NA
1990,FAGR-04,FAGR,127,NA,NA
1991,FAGR-04,FAGR,124,NA,NA
1992,FAGR-04,FAGR,133,NA,NA
1993,FAGR-04,FAGR,121,NA,NA
1994,FAGR-04,FAGR,126,NA,NA
1995,FAGR-04,FAGR,128,NA,NA
1996,FAGR-04,FAGR,125,NA,NA
1997,FAGR-04,FAGR,130,NA,NA
1998,FAGR-04,FAGR,120,NA,NA
1999,FAGR-04,FAGR,120,NA,NA
2000,FAGR-04,FAGR,127,NA,NA
2001,FAGR-04,FAGR,120,NA,NA
2002,FAGR-04,FAGR,122,NA,NA
2003,FAGR-04,FAGR,128,NA,NA
2004,FAGR-04,FAGR,123,NA,NA
2005,FAGR-04,FAGR,126,NA,NA
2006,FAGR-04,FAGR,125,NA,NA
2007,FAGR-04,FAGR,126,NA,NA
2008,FAGR-04,FAGR,120,NA,NA
2009,FAGR-04,FAGR,119,NA,NA
2010,FAGR-04,FAGR,113,NA,NA
2011,FAGR-04,FAGR,124,118,-6
2012,FAGR-04,FAGR,114,NA,NA
2013,FAGR-04,FAGR,122,120,-2
2014,FAGR-04,FAGR,130,NA,NA
2015,FAGR-04,FAGR,126,NA,NA
2016,FAGR-04,FAGR,127,114,-13
2017,FAGR-04,FAGR,118,118,0
2018,FAGR-04,FAGR,126,NA,NA
2019,FAGR-04,FAGR,127,116,-11
2020,FAGR-04,FAGR,130,NA,NA
2021,FAGR-04,FAGR,124,120,-4
2022,FAGR-04,FAGR,128,NA,NA
2023,FAGR-04,FAGR,114,107,-7
2003,FAGR-05,FAGR,136,NA,NA
2004,FAGR-05,FAGR,129,NA,NA
2005,FAGR-05,FAGR,133,NA,NA
2006,FAGR-05,FAGR,131,NA,NA
2007,FAGR-05,FAGR,130,NA,NA
2008,FAGR-05,FAGR,130,NA,NA
2009,FAGR-05,FAGR,126,NA,NA
2010,FAGR-05,FAGR,122,NA,NA
2011,FAGR-05,FAGR,130,124,-6
2012,FAGR-05,FAGR,125,NA,NA
2013,FAGR-05,FAGR,128,NA,NA
2014,FAGR-05,FAGR,137,NA,NA
2015,FAGR-05,FAGR,129,NA,NA
2016,FAGR-05,FAGR,133,NA,NA
2005,FAGR-06,FAGR,129,NA,NA
2006,FAGR-06,FAGR,126,NA,NA
2007,FAGR-06,FAGR,129,NA,NA
2008,FAGR-06,FAGR,126,NA,NA
2009,FAGR-06,FAGR,120,NA,NA
2010,FAGR-06,FAGR,116,NA,NA
2011,FAGR-06,FAGR,124,124,0
2012,FAGR-06,FAGR,118,NA,NA
2013,FAGR-06,FAGR,124,NA,NA
2014,FAGR-06,FAGR,133,NA,NA
2015,FAGR-06,FAGR,128,NA,NA
2016,FAGR-06,FAGR,133,NA,NA
2017,FAGR-06,FAGR,123,NA,NA
2018,FAGR-06,FAGR,126,NA,NA
2019,FAGR-06,FAGR,129,NA,NA
2020,FAGR-06,FAGR,137,NA,NA
2021,FAGR-06,FAGR,128,NA,NA
2022,FAGR-06,FAGR,130,NA,NA
2023,FAGR-06,FAGR,121,112,-9
2017,FAGR-07,FAGR,121,118,-3
2018,FAGR-07,FAGR,129,NA,NA
2019,FAGR-07,FAGR,129,122,-7
2020,FAGR-07,FAGR,137,NA,NA
2021,FAGR-07,FAGR,128,120,-8
2022,FAGR-07,FAGR,131,NA,NA
2023,FAGR-07,FAGR,120,112,-8
1990,FRAM-01,FRAM,123,NA,NA
1991,FRAM-01,FRAM,119,NA,NA
1992,FRAM-01,FRAM,138,NA,NA
1993,FRAM-01,FRAM,119,NA,NA
1994,FRAM-01,FRAM,124,NA,NA
1995,FRAM-01,FRAM,130,NA,NA
1996,FRAM-01,FRAM,125,NA,NA
1997,FRAM-01,FRAM,135,NA,NA
1998,FRAM-01,FRAM,124,NA,NA
1999,FRAM-01,FRAM,126,125,-1
2000,FRAM-01,FRAM,128,NA,NA
2001,FRAM-01,FRAM,124,NA,NA
2002,FRAM-01,FRAM,128,NA,NA
2003,FRAM-01,FRAM,134,NA,NA
2004,FRAM-01,FRAM,128,NA,NA
2005,FRAM-01,FRAM,132,NA,NA
2006,FRAM-01,FRAM,128,NA,NA
2007,FRAM-01,FRAM,130,NA,NA
2008,FRAM-01,FRAM,130,NA,NA
2009,FRAM-01,FRAM,122,NA,NA
2010,FRAM-01,FRAM,120,NA,NA
2011,FRAM-01,FRAM,129,NA,NA
2012,FRAM-01,FRAM,125,NA,NA
2013,FRAM-01,FRAM,128,NA,NA
2014,FRAM-01,FRAM,137,NA,NA
2015,FRAM-01,FRAM,131,NA,NA
2016,FRAM-01,FRAM,142,NA,NA
2017,FRAM-01,FRAM,NA,NA,NA
1990,FRAM-02,FRAM,131,NA,NA
1991,FRAM-02,FRAM,132,NA,NA
1992,FRAM-02,FRAM,138,130,-8
1993,FRAM-02,FRAM,126,NA,NA
1994,FRAM-02,FRAM,135,NA,NA
1995,FRAM-02,FRAM,134,NA,NA
1996,FRAM-02,FRAM,137,NA,NA
1997,FRAM-02,FRAM,141,NA,NA
1998,FRAM-02,FRAM,126,131,5
1999,FRAM-02,FRAM,128,120,-8
2000,FRAM-02,FRAM,131,NA,NA
2001,FRAM-02,FRAM,124,NA,NA
2002,FRAM-02,FRAM,136,NA,NA
2003,FRAM-02,FRAM,138,NA,NA
2004,FRAM-02,FRAM,129,128,-1
2005,FRAM-02,FRAM,137,NA,NA
2006,FRAM-02,FRAM,134,126,-8
2007,FRAM-02,FRAM,138,NA,NA
2008,FRAM-02,FRAM,NA,NA,NA
1990,FRAM-03,FRAM,124,NA,NA
1991,FRAM-03,FRAM,119,NA,NA
1992,FRAM-03,FRAM,134,NA,NA
1993,FRAM-03,FRAM,120,NA,NA
1994,FRAM-03,FRAM,127,NA,NA
1995,FRAM-03,FRAM,126,NA,NA
1996,FRAM-03,FRAM,125,NA,NA
1997,FRAM-03,FRAM,134,NA,NA
1998,FRAM-03,FRAM,122,NA,NA
1999,FRAM-03,FRAM,128,NA,NA
2000,FRAM-03,FRAM,128,NA,NA
2001,FRAM-03,FRAM,124,NA,NA
2002,FRAM-03,FRAM,128,NA,NA
2003,FRAM-03,FRAM,137,NA,NA
2004,FRAM-03,FRAM,128,NA,NA
2005,FRAM-03,FRAM,132,NA,NA
2006,FRAM-03,FRAM,129,NA,NA
2007,FRAM-03,FRAM,NA,NA,NA
2008,FRAM-03,FRAM,129,NA,NA
2009,FRAM-03,FRAM,119,NA,NA
2010,FRAM-03,FRAM,121,NA,NA
2011,FRAM-03,FRAM,130,NA,NA
2012,FRAM-03,FRAM,125,NA,NA
2013,FRAM-03,FRAM,127,NA,NA
2014,FRAM-03,FRAM,134,NA,NA
2015,FRAM-03,FRAM,129,NA,NA
2016,FRAM-03,FRAM,133,NA,NA
2017,FRAM-03,FRAM,133,NA,NA
2018,FRAM-03,FRAM,129,NA,NA
2019,FRAM-03,FRAM,137,NA,NA
2020,FRAM-03,FRAM,139,NA,NA
2021,FRAM-03,FRAM,136,NA,NA
2022,FRAM-03,FRAM,135,NA,NA
2023,FRAM-03,FRAM,132,NA,NA
1990,FRAM-04,FRAM,124,NA,NA
1991,FRAM-04,FRAM,130,NA,NA
1992,FRAM-04,FRAM,134,141,7
1993,FRAM-04,FRAM,123,NA,NA
1994,FRAM-04,FRAM,135,134,-1
1995,FRAM-04,FRAM,134,134,0
1996,FRAM-04,FRAM,132,NA,NA
1997,FRAM-04,FRAM,142,138,-4
1998,FRAM-04,FRAM,128,NA,NA
1999,FRAM-04,FRAM,132,120,-12
2000,FRAM-04,FRAM,132,130,-2
2001,FRAM-04,FRAM,125,124,-1
2002,FRAM-04,FRAM,142,NA,NA
2003,FRAM-04,FRAM,138,132,-6
2004,FRAM-04,FRAM,130,123,-7
2005,FRAM-04,FRAM,148,139,-9
2006,FRAM-04,FRAM,140,126,-14
2007,FRAM-04,FRAM,131,130,-1
2008,FRAM-04,FRAM,134,130,-4
2009,FRAM-04,FRAM,125,129,4
2010,FRAM-04,FRAM,129,NA,NA
2011,FRAM-04,FRAM,133,132,-1
2012,FRAM-04,FRAM,131,NA,NA
2013,FRAM-04,FRAM,130,124,-6
2014,FRAM-04,FRAM,140,NA,NA
1991,FRAM-05,FRAM,132,NA,NA
1992,FRAM-05,FRAM,138,138,0
1993,FRAM-05,FRAM,130,NA,NA
1994,FRAM-05,FRAM,135,134,-1
1995,FRAM-05,FRAM,139,139,0
2007,FRAM-06,FRAM,128,NA,NA
2008,FRAM-07,FRAM,130,NA,NA
2009,FRAM-07,FRAM,127,133,6
2010,FRAM-07,FRAM,122,NA,NA
2011,FRAM-07,FRAM,131,132,1
2012,FRAM-07,FRAM,131,NA,NA
2013,FRAM-07,FRAM,128,124,-4
2014,FRAM-07,FRAM,140,NA,NA
2015,FRAM-07,FRAM,129,129,0
2016,FRAM-07,FRAM,142,NA,NA
2017,FRAM-07,FRAM,138,NA,NA
2018,FRAM-07,FRAM,134,130,-4
2019,FRAM-07,FRAM,139,NA,NA
2020,FRAM-07,FRAM,144,NA,NA
2021,FRAM-07,FRAM,137,NA,NA
2022,FRAM-07,FRAM,NA,NA,NA
2023,FRAM-07,FRAM,NA,NA,NA
2015,FRAM-08,FRAM,129,129,0
2016,FRAM-08,FRAM,139,NA,NA
2017,FRAM-08,FRAM,137,NA,NA
2018,FRAM-08,FRAM,129,126,-3
2019,FRAM-08,FRAM,138,NA,NA
2020,FRAM-08,FRAM,142,NA,NA
2021,FRAM-08,FRAM,137,NA,NA
2022,FRAM-08,FRAM,135,134,-1
2023,FRAM-08,FRAM,132,NA,NA
2017,FRAM-09,FRAM,136,NA,NA
2018,FRAM-09,FRAM,141,130,-11
2019,FRAM-09,FRAM,140,NA,NA
2020,FRAM-09,FRAM,144,NA,NA
2021,FRAM-09,FRAM,137,NA,NA
2022,FRAM-09,FRAM,NA,NA,NA
2023,FRAM-09,FRAM,NA,NA,NA
1990,HAVI-01,HAVI,124,NA,NA
1991,HAVI-01,HAVI,119,NA,NA
1992,HAVI-01,HAVI,134,NA,NA
1993,HAVI-01,HAVI,123,NA,NA
1994,HAVI-01,HAVI,135,NA,NA
1995,HAVI-01,HAVI,130,NA,NA
1996,HAVI-01,HAVI,126,NA,NA
1997,HAVI-01,HAVI,131,NA,NA
1998,HAVI-01,HAVI,116,NA,NA
1999,HAVI-01,HAVI,125,NA,NA
2000,HAVI-01,HAVI,127,NA,NA
2001,HAVI-01,HAVI,124,NA,NA
2002,HAVI-01,HAVI,110,NA,NA
2003,HAVI-01,HAVI,128,NA,NA
2004,HAVI-01,HAVI,122,NA,NA
2005,HAVI-01,HAVI,125,NA,NA
2006,HAVI-01,HAVI,121,NA,NA
2007,HAVI-01,HAVI,127,NA,NA
2008,HAVI-01,HAVI,123,NA,NA
2009,HAVI-01,HAVI,119,NA,NA
2010,HAVI-01,HAVI,107,NA,NA
2011,HAVI-01,HAVI,124,NA,NA
2012,HAVI-01,HAVI,112,NA,NA
2013,HAVI-01,HAVI,124,NA,NA
2014,HAVI-01,HAVI,133,NA,NA
2015,HAVI-01,HAVI,126,NA,NA
2016,HAVI-01,HAVI,127,NA,NA
2017,HAVI-01,HAVI,119,NA,NA
2018,HAVI-01,HAVI,126,NA,NA
2019,HAVI-01,HAVI,124,NA,NA
2020,HAVI-01,HAVI,136,NA,NA
2021,HAVI-01,HAVI,121,NA,NA
2022,HAVI-01,HAVI,130,NA,NA
2023,HAVI-01,HAVI,116,NA,NA
1990,HAVI-02,HAVI,124,NA,NA
1991,HAVI-02,HAVI,116,NA,NA
1992,HAVI-02,HAVI,134,NA,NA
1993,HAVI-02,HAVI,123,NA,NA
1994,HAVI-02,HAVI,127,NA,NA
1995,HAVI-02,HAVI,130,NA,NA
1996,HAVI-02,HAVI,125,NA,NA
1997,HAVI-02,HAVI,130,NA,NA
1998,HAVI-02,HAVI,111,NA,NA
1999,HAVI-02,HAVI,121,NA,NA
2000,HAVI-02,HAVI,124,NA,NA
2001,HAVI-02,HAVI,122,NA,NA
2002,HAVI-02,HAVI,108,NA,NA
2003,HAVI-02,HAVI,126,NA,NA
2004,HAVI-02,HAVI,120,NA,NA
2005,HAVI-02,HAVI,119,NA,NA
2006,HAVI-02,HAVI,120,NA,NA
2007,HAVI-02,HAVI,125,NA,NA
2008,HAVI-02,HAVI,119,NA,NA
2009,HAVI-02,HAVI,119,NA,NA
2010,HAVI-02,HAVI,106,NA,NA
2011,HAVI-02,HAVI,123,NA,NA
2012,HAVI-02,HAVI,110,NA,NA
2013,HAVI-02,HAVI,122,NA,NA
2014,HAVI-02,HAVI,131,NA,NA
2015,HAVI-02,HAVI,126,NA,NA
2016,HAVI-02,HAVI,126,NA,NA
2017,HAVI-02,HAVI,118,NA,NA
2018,HAVI-02,HAVI,126,NA,NA
2019,HAVI-02,HAVI,123,NA,NA
2020,HAVI-02,HAVI,135,NA,NA
2021,HAVI-02,HAVI,120,NA,NA
2022,HAVI-02,HAVI,130,NA,NA
2023,HAVI-02,HAVI,114,NA,NA
1990,HAVI-03,HAVI,123,NA,NA
1991,HAVI-03,HAVI,119,NA,NA
1992,HAVI-03,HAVI,131,172,41
1993,HAVI-03,HAVI,123,NA,NA
1994,HAVI-03,HAVI,122,NA,NA
1995,HAVI-03,HAVI,126,NA,NA
1996,HAVI-03,HAVI,125,NA,NA
1997,HAVI-03,HAVI,129,NA,NA
1998,HAVI-03,HAVI,112,NA,NA
1999,HAVI-03,HAVI,120,NA,NA
2000,HAVI-03,HAVI,127,NA,NA
2001,HAVI-03,HAVI,120,NA,NA
2002,HAVI-03,HAVI,109,NA,NA
2003,HAVI-03,HAVI,129,NA,NA
2004,HAVI-03,HAVI,120,NA,NA
2005,HAVI-03,HAVI,119,NA,NA
2006,HAVI-03,HAVI,121,NA,NA
2007,HAVI-03,HAVI,125,NA,NA
2008,HAVI-03,HAVI,117,NA,NA
2009,HAVI-03,HAVI,118,NA,NA
2010,HAVI-03,HAVI,107,NA,NA
2011,HAVI-03,HAVI,122,NA,NA
2012,HAVI-03,HAVI,111,NA,NA
2013,HAVI-03,HAVI,121,NA,NA
2014,HAVI-03,HAVI,130,NA,NA
2015,HAVI-03,HAVI,126,NA,NA
2016,HAVI-03,HAVI,127,NA,NA
2017,HAVI-03,HAVI,118,NA,NA
2018,HAVI-03,HAVI,126,NA,NA
2019,HAVI-03,HAVI,122,NA,NA
2020,HAVI-03,HAVI,134,NA,NA
2021,HAVI-03,HAVI,120,NA,NA
2022,HAVI-03,HAVI,129,NA,NA
2023,HAVI-03,HAVI,112,NA,NA
1990,ILVE-01,ILVE,131,186,55
1991,ILVE-01,ILVE,121,NA,NA
1992,ILVE-01,ILVE,138,193,55
1993,ILVE-01,ILVE,123,NA,NA
1994,ILVE-01,ILVE,135,NA,NA
1995,ILVE-01,ILVE,135,184,49
1996,ILVE-01,ILVE,133,NA,NA
1997,ILVE-01,ILVE,136,170,34
1998,ILVE-01,ILVE,124,178,54
1999,ILVE-01,ILVE,130,177,47
2000,ILVE-01,ILVE,130,NA,NA
2001,ILVE-01,ILVE,124,NA,NA
1990,ILVE-02,ILVE,127,176,49
1991,ILVE-02,ILVE,119,163,44
1992,ILVE-02,ILVE,134,182,48
1993,ILVE-02,ILVE,121,NA,NA
1994,ILVE-02,ILVE,122,NA,NA
1995,ILVE-02,ILVE,129,176,47
1996,ILVE-02,ILVE,120,176,56
1997,ILVE-02,ILVE,134,170,36
1998,ILVE-02,ILVE,116,172,56
1999,ILVE-02,ILVE,125,150,25
2000,ILVE-02,ILVE,128,NA,NA
2001,ILVE-02,ILVE,123,174,51
1991,ILVE-03,ILVE,119,168,49
1992,ILVE-03,ILVE,138,NA,NA
1995,ILVE-03,ILVE,130,NA,NA
1996,ILVE-03,ILVE,126,NA,NA
1997,ILVE-03,ILVE,135,NA,NA
1998,ILVE-03,ILVE,114,NA,NA
1999,ILVE-03,ILVE,126,NA,NA
2000,ILVE-03,ILVE,128,NA,NA
2001,ILVE-03,ILVE,124,NA,NA
1991,ILVE-04,ILVE,119,158,39
1992,ILVE-04,ILVE,141,NA,NA
1993,ILVE-04,ILVE,123,172,49
1994,ILVE-04,ILVE,135,169,34
1995,ILVE-04,ILVE,131,NA,NA
1996,ILVE-04,ILVE,128,NA,NA
1997,ILVE-04,ILVE,137,NA,NA
1998,ILVE-04,ILVE,124,NA,NA
1999,ILVE-04,ILVE,126,NA,NA
2000,ILVE-04,ILVE,130,NA,NA
2001,ILVE-04,ILVE,129,NA,NA
1990,KAAN-01,KAAN,148,166,18
1991,KAAN-01,KAAN,135,153,18
1992,KAAN-01,KAAN,141,172,31
1993,KAAN-01,KAAN,142,167,25
1994,KAAN-01,KAAN,145,169,24
1995,KAAN-01,KAAN,149,167,18
1996,KAAN-01,KAAN,146,168,22
1997,KAAN-01,KAAN,151,NA,NA
1998,KAAN-01,KAAN,137,NA,NA
1999,KAAN-01,KAAN,136,NA,NA
2000,KAAN-01,KAAN,144,NA,NA
2001,KAAN-01,KAAN,140,NA,NA
1990,KAAN-02,KAAN,148,NA,NA
1991,KAAN-02,KAAN,142,150,8
1992,KAAN-02,KAAN,149,NA,NA
1993,KAAN-02,KAAN,147,NA,NA
1994,KAAN-02,KAAN,155,169,14
1995,KAAN-02,KAAN,145,172,27
1996,KAAN-02,KAAN,146,172,26
1997,KAAN-02,KAAN,151,NA,NA
1998,KAAN-02,KAAN,142,NA,NA
1999,KAAN-02,KAAN,140,164,24
2000,KAAN-02,KAAN,145,176,31
2001,KAAN-02,KAAN,150,NA,NA
1990,KAAN-03,KAAN,146,171,25
1991,KAAN-03,KAAN,139,158,19
1992,KAAN-03,KAAN,149,172,23
1993,KAAN-03,KAAN,138,NA,NA
1994,KAAN-03,KAAN,149,162,13
1995,KAAN-03,KAAN,145,NA,NA
1996,KAAN-03,KAAN,146,168,22
1997,KAAN-03,KAAN,151,178,27
1998,KAAN-03,KAAN,141,163,22
1999,KAAN-03,KAAN,146,NA,NA
2000,KAAN-03,KAAN,145,170,25
2001,KAAN-03,KAAN,148,NA,NA
1990,KALA-01,KALA,147,176,29
1991,KALA-01,KALA,135,158,23
1992,KALA-01,KALA,144,182,38
1993,KALA-01,KALA,139,167,28
1994,KALA-01,KALA,145,184,39
1995,KALA-01,KALA,143,167,24
1996,KALA-01,KALA,143,176,33
1997,KALA-01,KALA,151,178,27
1998,KALA-01,KALA,135,163,28
1999,KALA-01,KALA,136,164,28
2000,KALA-01,KALA,135,176,41
2001,KALA-01,KALA,137,NA,NA
1990,KALA-02,KALA,148,176,28
1991,KALA-02,KALA,145,158,13
1992,KALA-02,KALA,154,172,18
1993,KALA-02,KALA,139,NA,NA
1994,KALA-02,KALA,143,169,26
1995,KALA-02,KALA,143,172,29
1996,KALA-02,KALA,146,172,26
1997,KALA-02,KALA,151,178,27
1998,KALA-02,KALA,135,163,28
1999,KALA-02,KALA,137,164,27
2000,KALA-02,KALA,135,170,35
2001,KALA-02,KALA,142,NA,NA
1990,KALA-03,KALA,143,171,28
1991,KALA-03,KALA,135,153,18
1992,KALA-03,KALA,145,172,27
1993,KALA-03,KALA,135,167,32
1994,KALA-03,KALA,145,169,24
1995,KALA-03,KALA,140,167,27
1996,KALA-03,KALA,141,168,27
1997,KALA-03,KALA,146,170,24
1998,KALA-03,KALA,137,156,19
1999,KALA-03,KALA,137,158,21
2000,KALA-03,KALA,144,166,22
2001,KALA-03,KALA,134,NA,NA
1990,LYLI-01,LYLI,130,180,50
1991,LYLI-01,LYLI,129,168,39
1992,LYLI-01,LYLI,138,NA,NA
1993,LYLI-01,LYLI,119,NA,NA
1994,LYLI-01,LYLI,135,176,41
1995,LYLI-01,LYLI,132,NA,NA
1996,LYLI-01,LYLI,126,NA,NA
1997,LYLI-01,LYLI,138,186,48
1998,LYLI-01,LYLI,126,NA,NA
1999,LYLI-01,LYLI,133,NA,NA
2000,LYLI-01,LYLI,131,182,51
2001,LYLI-01,LYLI,124,NA,NA
1991,LYLI-02,LYLI,151,NA,NA
1992,LYLI-02,LYLI,138,193,55
1993,LYLI-02,LYLI,120,NA,NA
1994,LYLI-02,LYLI,135,176,41
1995,LYLI-02,LYLI,134,191,57
1996,LYLI-02,LYLI,119,190,71
1997,LYLI-02,LYLI,139,186,47
1998,LYLI-02,LYLI,126,172,46
1999,LYLI-02,LYLI,130,150,20
2000,LYLI-02,LYLI,131,188,57
2001,LYLI-02,LYLI,124,NA,NA
1991,LYLI-03,LYLI,129,175,46
1992,LYLI-03,LYLI,140,NA,NA
1993,LYLI-03,LYLI,123,NA,NA
1994,LYLI-03,LYLI,133,184,51
1995,LYLI-03,LYLI,134,NA,NA
1996,LYLI-03,LYLI,120,NA,NA
1997,LYLI-03,LYLI,138,196,58
1998,LYLI-03,LYLI,126,156,30
1999,LYLI-03,LYLI,130,NA,NA
2000,LYLI-03,LYLI,131,188,57
2001,LYLI-03,LYLI,124,NA,NA
1990,NEMU-01,NEMU,118,158,40
1991,NEMU-01,NEMU,115,NA,NA
1992,NEMU-01,NEMU,134,NA,NA
1993,NEMU-01,NEMU,118,NA,NA
1994,NEMU-01,NEMU,122,NA,NA
1995,NEMU-01,NEMU,126,NA,NA
1996,NEMU-01,NEMU,115,NA,NA
1997,NEMU-01,NEMU,133,NA,NA
1998,NEMU-01,NEMU,111,126,15
1999,NEMU-01,NEMU,123,NA,NA
2000,NEMU-01,NEMU,127,134,7
2001,NEMU-01,NEMU,123,NA,NA
1991,NEMU-02,NEMU,116,146,30
1992,NEMU-02,NEMU,134,148,14
1993,NEMU-02,NEMU,117,NA,NA
1994,NEMU-02,NEMU,122,145,23
1995,NEMU-02,NEMU,126,139,13
1996,NEMU-02,NEMU,115,140,25
1997,NEMU-02,NEMU,132,150,18
1998,NEMU-02,NEMU,114,126,12
1999,NEMU-02,NEMU,125,138,13
2000,NEMU-02,NEMU,128,140,12
2001,NEMU-02,NEMU,123,124,1
1991,NEMU-03,NEMU,119,128,9
1992,NEMU-03,NEMU,127,141,14
1993,NEMU-03,NEMU,117,126,9
1994,NEMU-03,NEMU,121,134,13
1995,NEMU-03,NEMU,126,139,13
1996,NEMU-03,NEMU,115,132,17
1997,NEMU-03,NEMU,131,144,13
1998,NEMU-03,NEMU,112,126,14
1999,NEMU-03,NEMU,123,132,9
2000,NEMU-03,NEMU,125,130,5
2001,NEMU-03,NEMU,121,124,3
1990,NYSY-01,NYSY,138,NA,NA
1991,NYSY-01,NYSY,129,NA,NA
1992,NYSY-01,NYSY,141,NA,NA
1990,NYSY-02,NYSY,139,NA,NA
1991,NYSY-02,NYSY,129,NA,NA
1992,NYSY-02,NYSY,141,NA,NA
1993,NYSY-02,NYSY,130,NA,NA
1994,NYSY-02,NYSY,141,169,28
1995,NYSY-02,NYSY,140,NA,NA
1996,NYSY-02,NYSY,141,NA,NA
1997,NYSY-02,NYSY,149,NA,NA
1998,NYSY-02,NYSY,131,NA,NA
1999,NYSY-02,NYSY,133,164,31
2000,NYSY-02,NYSY,131,170,39
2001,NYSY-02,NYSY,145,NA,NA
1991,NYSY-03,NYSY,151,158,7
1992,NYSY-03,NYSY,141,NA,NA
1993,NYSY-03,NYSY,134,NA,NA
1994,NYSY-03,NYSY,145,169,24
1995,NYSY-03,NYSY,144,NA,NA
1996,NYSY-03,NYSY,146,168,22
1997,NYSY-03,NYSY,151,NA,NA
1998,NYSY-03,NYSY,137,156,19
1999,NYSY-03,NYSY,137,150,13
2000,NYSY-03,NYSY,136,170,34
2001,NYSY-03,NYSY,133,NA,NA
1993,NYSY-04,NYSY,128,NA,NA
1994,NYSY-04,NYSY,140,NA,NA
1995,NYSY-04,NYSY,140,NA,NA
1996,NYSY-04,NYSY,137,NA,NA
1997,NYSY-04,NYSY,146,NA,NA
1998,NYSY-04,NYSY,129,NA,NA
1999,NYSY-04,NYSY,132,NA,NA
2000,NYSY-04,NYSY,131,NA,NA
2001,NYSY-04,NYSY,124,NA,NA
1990,PIST-01,PIST,166,NA,NA
1991,PIST-01,PIST,153,NA,NA
1992,PIST-01,PIST,165,NA,NA
1993,PIST-01,PIST,151,NA,NA
1994,PIST-01,PIST,145,NA,NA
1995,PIST-01,PIST,161,176,15
1996,PIST-01,PIST,162,NA,NA
1997,PIST-01,PIST,165,NA,NA
1998,PIST-01,PIST,150,NA,NA
1999,PIST-01,PIST,151,NA,NA
2000,PIST-01,PIST,156,NA,NA
2001,PIST-01,PIST,159,NA,NA
1990,PIST-02,PIST,161,NA,NA
1991,PIST-02,PIST,153,NA,NA
1992,PIST-02,PIST,165,NA,NA
1993,PIST-02,PIST,153,NA,NA
1994,PIST-02,PIST,149,NA,NA
1995,PIST-02,PIST,161,176,15
1996,PIST-02,PIST,162,NA,NA
1997,PIST-02,PIST,164,NA,NA
1998,PIST-02,PIST,151,NA,NA
1999,PIST-02,PIST,151,NA,NA
2000,PIST-02,PIST,158,NA,NA
2001,PIST-02,PIST,156,NA,NA
1990,PIST-03,PIST,161,NA,NA
1991,PIST-03,PIST,153,NA,NA
1992,PIST-03,PIST,160,NA,NA
1993,PIST-03,PIST,151,NA,NA
1994,PIST-03,PIST,149,NA,NA
1995,PIST-03,PIST,161,184,23
1996,PIST-03,PIST,162,NA,NA
1997,PIST-03,PIST,164,NA,NA
1998,PIST-03,PIST,150,NA,NA
1999,PIST-03,PIST,151,NA,NA
2000,PIST-03,PIST,156,NA,NA
2001,PIST-03,PIST,160,NA,NA
1990,PIST-04,PIST,166,NA,NA
1991,PIST-04,PIST,150,NA,NA
1992,PIST-04,PIST,165,NA,NA
1993,PIST-04,PIST,156,NA,NA
1994,PIST-04,PIST,149,169,20
1995,PIST-04,PIST,161,167,6
1996,PIST-04,PIST,162,NA,NA
1997,PIST-04,PIST,164,NA,NA
1998,PIST-04,PIST,150,NA,NA
1999,PIST-04,PIST,151,158,7
2000,PIST-04,PIST,156,NA,NA
2001,PIST-04,PIST,159,NA,NA
1990,POTR-01,POTR,120,NA,NA
1991,POTR-01,POTR,104,94,-10
1990,POTR-02,POTR,119,82,-37
1991,POTR-02,POTR,111,84,-27
1992,POTR-02,POTR,127,116,-11
1993,POTR-02,POTR,117,108,-9
1994,POTR-02,POTR,121,103,-18
1995,POTR-02,POTR,126,90,-36
1996,POTR-02,POTR,119,90,-29
1997,POTR-02,POTR,124,102,-22
1998,POTR-02,POTR,106,93,-13
1999,POTR-02,POTR,119,95,-24
2000,POTR-02,POTR,124,87,-37
2001,POTR-02,POTR,115,105,-10
2002,POTR-02,POTR,108,104,-4
2003,POTR-02,POTR,123,102,-21
2004,POTR-02,POTR,120,NA,NA
2005,POTR-02,POTR,115,NA,NA
2006,POTR-02,POTR,116,NA,NA
2007,POTR-02,POTR,129,NA,NA
2008,POTR-02,POTR,116,NA,NA
2009,POTR-02,POTR,116,NA,NA
2010,POTR-02,POTR,100,NA,NA
2011,POTR-02,POTR,121,NA,NA
2012,POTR-02,POTR,112,NA,NA
2013,POTR-02,POTR,121,NA,NA
2014,POTR-02,POTR,130,NA,NA
2015,POTR-02,POTR,125,NA,NA
2016,POTR-02,POTR,128,NA,NA
2017,POTR-02,POTR,118,NA,NA
2018,POTR-02,POTR,126,NA,NA
2019,POTR-02,POTR,126,NA,NA
2020,POTR-02,POTR,137,NA,NA
2021,POTR-02,POTR,126,NA,NA
2022,POTR-02,POTR,130,NA,NA
2023,POTR-02,POTR,113,NA,NA
1991,POTR-03,POTR,110,109,-1
1992,POTR-03,POTR,127,92,-35
1993,POTR-03,POTR,117,85,-32
1993,POTR-04,POTR,105,NA,NA
1994,POTR-04,POTR,122,90,-32
1995,POTR-04,POTR,126,NA,NA
1996,POTR-04,POTR,125,90,-35
1997,POTR-04,POTR,122,96,-26
1998,POTR-04,POTR,106,86,-20
1999,POTR-04,POTR,119,89,-30
2000,POTR-04,POTR,127,87,-40
2001,POTR-04,POTR,121,105,-16
2002,POTR-04,POTR,108,108,0
2003,POTR-04,POTR,120,102,-18
2004,POTR-04,POTR,116,NA,NA
2005,POTR-04,POTR,111,NA,NA
2006,POTR-04,POTR,109,NA,NA
2007,POTR-04,POTR,123,NA,NA
2008,POTR-04,POTR,111,NA,NA
2009,POTR-04,POTR,115,NA,NA
2010,POTR-04,POTR,99,NA,NA
2011,POTR-04,POTR,NA,NA,NA
2011,POTR-05,POTR,130,NA,NA
2012,POTR-05,POTR,114,NA,NA
2013,POTR-05,POTR,126,NA,NA
2014,POTR-05,POTR,136,NA,NA
2015,POTR-05,POTR,127,NA,NA
2016,POTR-05,POTR,133,NA,NA
2017,POTR-05,POTR,121,NA,NA
2018,POTR-05,POTR,126,NA,NA
2019,POTR-05,POTR,131,NA,NA
2020,POTR-05,POTR,137,NA,NA
2021,POTR-05,POTR,136,NA,NA
2022,POTR-05,POTR,135,NA,NA
2023,POTR-05,POTR,127,NA,NA
1990,PRSE-01,PRSE,116,NA,NA
1991,PRSE-01,PRSE,97,NA,NA
1992,PRSE-01,PRSE,113,NA,NA
1993,PRSE-01,PRSE,109,NA,NA
1994,PRSE-01,PRSE,109,NA,NA
1995,PRSE-01,PRSE,114,NA,NA
1996,PRSE-01,PRSE,111,NA,NA
1997,PRSE-01,PRSE,113,NA,NA
1998,PRSE-01,PRSE,106,NA,NA
1999,PRSE-01,PRSE,107,NA,NA
2000,PRSE-01,PRSE,104,NA,NA
2001,PRSE-01,PRSE,117,NA,NA
2002,PRSE-01,PRSE,104,NA,NA
2003,PRSE-01,PRSE,109,NA,NA
2004,PRSE-01,PRSE,111,NA,NA
2005,PRSE-01,PRSE,107,NA,NA
2006,PRSE-01,PRSE,104,NA,NA
2007,PRSE-01,PRSE,112,NA,NA
2008,PRSE-01,PRSE,111,NA,NA
2009,PRSE-01,PRSE,114,NA,NA
2010,PRSE-01,PRSE,95,NA,NA
2011,PRSE-01,PRSE,118,NA,NA
2012,PRSE-01,PRSE,87,NA,NA
2013,PRSE-01,PRSE,115,NA,NA
2014,PRSE-01,PRSE,116,NA,NA
2015,PRSE-01,PRSE,119,NA,NA
2016,PRSE-01,PRSE,107,NA,NA
2017,PRSE-01,PRSE,106,NA,NA
2018,PRSE-01,PRSE,120,NA,NA
2019,PRSE-01,PRSE,110,NA,NA
2020,PRSE-01,PRSE,116,NA,NA
2021,PRSE-01,PRSE,101,NA,NA
2022,PRSE-01,PRSE,107,NA,NA
2023,PRSE-01,PRSE,101,NA,NA
1990,PRSE-02,PRSE,111,NA,NA
1991,PRSE-02,PRSE,97,NA,NA
1992,PRSE-02,PRSE,120,NA,NA
1993,PRSE-02,PRSE,109,NA,NA
1994,PRSE-02,PRSE,115,NA,NA
1995,PRSE-02,PRSE,114,NA,NA
1996,PRSE-02,PRSE,112,NA,NA
1997,PRSE-02,PRSE,115,NA,NA
1998,PRSE-02,PRSE,106,NA,NA
1999,PRSE-02,PRSE,110,NA,NA
2000,PRSE-02,PRSE,108,NA,NA
2001,PRSE-02,PRSE,120,NA,NA
2002,PRSE-02,PRSE,104,NA,NA
2003,PRSE-02,PRSE,119,NA,NA
2004,PRSE-02,PRSE,112,NA,NA
2005,PRSE-02,PRSE,110,NA,NA
2006,PRSE-02,PRSE,109,NA,NA
2007,PRSE-02,PRSE,117,NA,NA
2008,PRSE-02,PRSE,111,NA,NA
2009,PRSE-02,PRSE,115,NA,NA
2010,PRSE-02,PRSE,97,NA,NA
2011,PRSE-02,PRSE,118,NA,NA
2012,PRSE-02,PRSE,95,NA,NA
2013,PRSE-02,PRSE,117,NA,NA
2014,PRSE-02,PRSE,122,NA,NA
2015,PRSE-02,PRSE,120,NA,NA
2016,PRSE-02,PRSE,112,NA,NA
2017,PRSE-02,PRSE,108,NA,NA
2018,PRSE-02,PRSE,120,NA,NA
2019,PRSE-02,PRSE,111,NA,NA
2020,PRSE-02,PRSE,123,NA,NA
2021,PRSE-02,PRSE,108,NA,NA
2022,PRSE-02,PRSE,114,NA,NA
2023,PRSE-02,PRSE,113,NA,NA
1990,PRSE-03,PRSE,116,147,31
1991,PRSE-03,PRSE,97,97,0
1992,PRSE-03,PRSE,113,152,39
1993,PRSE-03,PRSE,109,146,37
1994,PRSE-03,PRSE,109,149,40
1995,PRSE-03,PRSE,114,149,35
1996,PRSE-03,PRSE,111,146,35
1997,PRSE-03,PRSE,113,157,44
1998,PRSE-03,PRSE,106,100,-6
1999,PRSE-03,PRSE,109,144,35
2000,PRSE-03,PRSE,106,145,39
2001,PRSE-03,PRSE,116,NA,NA
2001,PRSE-04,PRSE,125,139,14
2002,PRSE-04,PRSE,108,NA,NA
2003,PRSE-04,PRSE,118,NA,NA
2004,PRSE-04,PRSE,112,NA,NA
2005,PRSE-04,PRSE,109,NA,NA
2006,PRSE-04,PRSE,109,NA,NA
2007,PRSE-04,PRSE,118,NA,NA
2008,PRSE-04,PRSE,111,NA,NA
2009,PRSE-04,PRSE,116,NA,NA
2010,PRSE-04,PRSE,98,NA,NA
2011,PRSE-04,PRSE,119,NA,NA
2012,PRSE-04,PRSE,104,NA,NA
2013,PRSE-04,PRSE,119,NA,NA
2014,PRSE-04,PRSE,123,NA,NA
2015,PRSE-04,PRSE,123,NA,NA
2016,PRSE-04,PRSE,121,NA,NA
2017,PRSE-04,PRSE,114,NA,NA
2018,PRSE-04,PRSE,124,NA,NA
2019,PRSE-04,PRSE,115,NA,NA
2020,PRSE-04,PRSE,123,NA,NA
2021,PRSE-04,PRSE,113,NA,NA
2022,PRSE-04,PRSE,123,NA,NA
2023,PRSE-04,PRSE,109,NA,NA
1990,QUAL-01,QUAL,131,NA,NA
1991,QUAL-01,QUAL,119,NA,NA
1992,QUAL-01,QUAL,138,NA,NA
1993,QUAL-01,QUAL,124,NA,NA
1994,QUAL-01,QUAL,138,NA,NA
1995,QUAL-01,QUAL,133,NA,NA
1996,QUAL-01,QUAL,135,NA,NA
1997,QUAL-01,QUAL,148,NA,NA
1990,QUAL-02,QUAL,140,NA,NA
1991,QUAL-02,QUAL,135,NA,NA
1992,QUAL-02,QUAL,141,NA,NA
1993,QUAL-02,QUAL,130,NA,NA
1994,QUAL-02,QUAL,136,NA,NA
1995,QUAL-02,QUAL,139,NA,NA
1996,QUAL-02,QUAL,144,NA,NA
1997,QUAL-02,QUAL,146,NA,NA
1998,QUAL-02,QUAL,128,NA,NA
1999,QUAL-02,QUAL,136,NA,NA
2000,QUAL-02,QUAL,133,NA,NA
2001,QUAL-02,QUAL,124,NA,NA
2002,QUAL-02,QUAL,137,NA,NA
2003,QUAL-02,QUAL,140,NA,NA
2004,QUAL-02,QUAL,131,NA,NA
2005,QUAL-02,QUAL,152,NA,NA
2006,QUAL-02,QUAL,140,NA,NA
2007,QUAL-02,QUAL,132,NA,NA
2008,QUAL-02,QUAL,134,NA,NA
2009,QUAL-02,QUAL,127,NA,NA
2010,QUAL-02,QUAL,122,NA,NA
2011,QUAL-02,QUAL,132,NA,NA
2012,QUAL-02,QUAL,135,NA,NA
2013,QUAL-02,QUAL,129,NA,NA
2014,QUAL-02,QUAL,138,NA,NA
2015,QUAL-02,QUAL,129,NA,NA
2016,QUAL-02,QUAL,140,NA,NA
2017,QUAL-02,QUAL,135,NA,NA
2018,QUAL-02,QUAL,131,NA,NA
2019,QUAL-02,QUAL,139,NA,NA
2020,QUAL-02,QUAL,145,NA,NA
2021,QUAL-02,QUAL,137,NA,NA
2022,QUAL-02,QUAL,135,NA,NA
2023,QUAL-02,QUAL,131,NA,NA
1990,QUAL-03,QUAL,138,NA,NA
1991,QUAL-03,QUAL,130,NA,NA
1992,QUAL-03,QUAL,141,NA,NA
1993,QUAL-03,QUAL,128,NA,NA
1994,QUAL-03,QUAL,141,NA,NA
1995,QUAL-03,QUAL,132,NA,NA
1996,QUAL-03,QUAL,141,NA,NA
1997,QUAL-03,QUAL,144,NA,NA
1998,QUAL-03,QUAL,127,NA,NA
1999,QUAL-03,QUAL,132,NA,NA
2000,QUAL-03,QUAL,131,NA,NA
2001,QUAL-03,QUAL,124,NA,NA
2002,QUAL-03,QUAL,132,NA,NA
2003,QUAL-03,QUAL,144,NA,NA
2004,QUAL-03,QUAL,133,NA,NA
2005,QUAL-03,QUAL,137,NA,NA
2006,QUAL-03,QUAL,139,NA,NA
2007,QUAL-03,QUAL,132,NA,NA
2008,QUAL-03,QUAL,132,NA,NA
2009,QUAL-03,QUAL,127,NA,NA
2010,QUAL-03,QUAL,122,NA,NA
2011,QUAL-03,QUAL,133,NA,NA
2012,QUAL-03,QUAL,130,NA,NA
2013,QUAL-03,QUAL,128,NA,NA
2014,QUAL-03,QUAL,138,NA,NA
2015,QUAL-03,QUAL,129,NA,NA
2016,QUAL-03,QUAL,139,NA,NA
2017,QUAL-03,QUAL,136,NA,NA
2018,QUAL-03,QUAL,132,NA,NA
2019,QUAL-03,QUAL,138,NA,NA
2020,QUAL-03,QUAL,143,NA,NA
2021,QUAL-03,QUAL,136,NA,NA
2022,QUAL-03,QUAL,135,NA,NA
2023,QUAL-03,QUAL,128,NA,NA
1998,QUAL-04,QUAL,124,NA,NA
1999,QUAL-04,QUAL,131,NA,NA
2000,QUAL-04,QUAL,132,NA,NA
2001,QUAL-04,QUAL,125,NA,NA
2002,QUAL-04,QUAL,126,NA,NA
2003,QUAL-04,QUAL,142,NA,NA
2004,QUAL-04,QUAL,136,NA,NA
2005,QUAL-04,QUAL,NA,NA,NA
2005,QUAL-05,QUAL,136,NA,NA
2006,QUAL-05,QUAL,130,NA,NA
2007,QUAL-05,QUAL,132,NA,NA
2008,QUAL-05,QUAL,134,NA,NA
2009,QUAL-05,QUAL,123,NA,NA
2010,QUAL-05,QUAL,122,NA,NA
2011,QUAL-05,QUAL,137,NA,NA
2012,QUAL-05,QUAL,124,NA,NA
2013,QUAL-05,QUAL,128,NA,NA
2014,QUAL-05,QUAL,137,NA,NA
2015,QUAL-05,QUAL,133,NA,NA
2016,QUAL-05,QUAL,137,NA,NA
2017,QUAL-05,QUAL,133,NA,NA
2018,QUAL-05,QUAL,130,NA,NA
2019,QUAL-05,QUAL,137,NA,NA
2020,QUAL-05,QUAL,143,NA,NA
2021,QUAL-05,QUAL,136,NA,NA
2022,QUAL-05,QUAL,135,NA,NA
2023,QUAL-05,QUAL,128,NA,NA
1990,QURU-01,QURU,127,129,2
1991,QURU-01,QURU,125,128,3
1992,QURU-01,QURU,138,144,6
1993,QURU-01,QURU,123,142,19
1994,QURU-01,QURU,135,141,6
1995,QURU-01,QURU,134,149,15
1996,QURU-01,QURU,131,136,5
1997,QURU-01,QURU,135,138,3
1998,QURU-01,QURU,122,122,0
1999,QURU-01,QURU,126,125,-1
2000,QURU-01,QURU,128,130,2
2001,QURU-01,QURU,122,124,2
2002,QURU-01,QURU,117,128,11
2003,QURU-01,QURU,135,132,-3
2004,QURU-01,QURU,124,128,4
2005,QURU-01,QURU,124,128,4
2006,QURU-01,QURU,127,130,3
2007,QURU-01,QURU,130,130,0
2008,QURU-01,QURU,120,120,0
2009,QURU-01,QURU,120,119,-1
2010,QURU-01,QURU,113,106,-7
2011,QURU-01,QURU,128,124,-4
2012,QURU-01,QURU,118,118,0
2013,QURU-01,QURU,125,124,-1
2014,QURU-01,QURU,133,130,-3
2015,QURU-01,QURU,129,129,0
2016,QURU-01,QURU,133,128,-5
2017,QURU-01,QURU,123,122,-1
2018,QURU-01,QURU,127,126,-1
2019,QURU-01,QURU,128,128,0
2020,QURU-01,QURU,137,137,0
2021,QURU-01,QURU,132,NA,NA
2022,QURU-01,QURU,133,NA,NA
2023,QURU-01,QURU,123,118,-5
1990,QURU-02,QURU,133,NA,NA
1991,QURU-02,QURU,130,NA,NA
1992,QURU-02,QURU,138,NA,NA
1993,QURU-02,QURU,128,NA,NA
1994,QURU-02,QURU,136,145,9
1995,QURU-02,QURU,135,NA,NA
1996,QURU-02,QURU,141,NA,NA
1997,QURU-02,QURU,139,NA,NA
1998,QURU-02,QURU,126,NA,NA
1999,QURU-02,QURU,129,NA,NA
2000,QURU-02,QURU,130,NA,NA
2001,QURU-02,QURU,124,NA,NA
2002,QURU-02,QURU,128,NA,NA
2003,QURU-02,QURU,140,138,-2
2004,QURU-02,QURU,129,NA,NA
2005,QURU-02,QURU,133,NA,NA
2006,QURU-02,QURU,133,NA,NA
2007,QURU-02,QURU,130,NA,NA
2008,QURU-02,QURU,130,NA,NA
2009,QURU-02,QURU,122,NA,NA
2010,QURU-02,QURU,120,NA,NA
2011,QURU-02,QURU,130,132,2
2012,QURU-02,QURU,130,135,5
2013,QURU-02,QURU,128,128,0
2014,QURU-02,QURU,135,NA,NA
2015,QURU-02,QURU,129,NA,NA
2016,QURU-02,QURU,137,NA,NA
2017,QURU-02,QURU,134,NA,NA
2018,QURU-02,QURU,130,NA,NA
2019,QURU-02,QURU,134,NA,NA
2020,QURU-02,QURU,143,NA,NA
2021,QURU-02,QURU,136,NA,NA
2022,QURU-02,QURU,134,NA,NA
1990,QURU-03,QURU,129,NA,NA
1991,QURU-03,QURU,127,NA,NA
1992,QURU-03,QURU,134,NA,NA
1993,QURU-03,QURU,123,NA,NA
1994,QURU-03,QURU,128,145,17
1995,QURU-03,QURU,132,144,12
1996,QURU-03,QURU,132,136,4
1997,QURU-03,QURU,135,NA,NA
1998,QURU-03,QURU,121,NA,NA
1999,QURU-03,QURU,125,129,4
2000,QURU-03,QURU,128,128,0
2001,QURU-03,QURU,120,124,4
2002,QURU-03,QURU,111,117,6
2003,QURU-03,QURU,134,132,-2
2004,QURU-03,QURU,124,128,4
2005,QURU-03,QURU,122,132,10
2006,QURU-03,QURU,126,126,0
2007,QURU-03,QURU,129,130,1
2008,QURU-03,QURU,118,120,2
2009,QURU-03,QURU,120,119,-1
2010,QURU-03,QURU,111,106,-5
2011,QURU-03,QURU,127,124,-3
2012,QURU-03,QURU,113,112,-1
2013,QURU-03,QURU,124,120,-4
2014,QURU-03,QURU,130,130,0
2015,QURU-03,QURU,127,129,2
2016,QURU-03,QURU,133,128,-5
2017,QURU-03,QURU,123,118,-5
2018,QURU-03,QURU,126,126,0
2019,QURU-03,QURU,129,122,-7
2020,QURU-03,QURU,137,130,-7
2021,QURU-03,QURU,126,130,4
2022,QURU-03,QURU,133,NA,NA
2023,QURU-03,QURU,121,112,-9
1990,QURU-04,QURU,129,129,0
1991,QURU-04,QURU,124,132,8
1992,QURU-04,QURU,134,NA,NA
1993,QURU-04,QURU,123,130,7
1994,QURU-04,QURU,125,141,16
1995,QURU-04,QURU,130,139,9
1996,QURU-04,QURU,132,132,0
1997,QURU-04,QURU,136,138,2
1998,QURU-04,QURU,122,122,0
1999,QURU-04,QURU,125,125,0
2000,QURU-04,QURU,128,128,0
2001,QURU-04,QURU,121,124,3
2002,QURU-04,QURU,116,117,1
2003,QURU-04,QURU,134,127,-7
2004,QURU-04,QURU,123,123,0
2005,QURU-04,QURU,124,114,-10
2006,QURU-04,QURU,126,126,0
2007,QURU-04,QURU,128,126,-2
2008,QURU-04,QURU,117,116,-1
2009,QURU-04,QURU,121,119,-2
2010,QURU-04,QURU,111,112,1
2011,QURU-04,QURU,125,120,-5
2012,QURU-04,QURU,113,112,-1
2013,QURU-04,QURU,122,120,-2
2014,QURU-04,QURU,130,130,0
2015,QURU-04,QURU,126,126,0
2016,QURU-04,QURU,131,128,-3
2017,QURU-04,QURU,123,118,-5
2018,QURU-04,QURU,126,126,0
2019,QURU-04,QURU,125,122,-3
2020,QURU-04,QURU,137,130,-7
2021,QURU-04,QURU,124,120,-4
2022,QURU-04,QURU,130,134,4
2023,QURU-04,QURU,118,112,-6
2022,QURU-05,QURU,151,NA,NA
2023,QURU-05,QURU,126,125,-1
1990,QUVE-01,QUVE,135,NA,NA
1991,QUVE-01,QUVE,121,119,-2
1992,QUVE-01,QUVE,138,148,10
1993,QUVE-01,QUVE,128,NA,NA
1994,QUVE-01,QUVE,136,145,9
1995,QUVE-01,QUVE,139,149,10
1996,QUVE-01,QUVE,138,136,-2
1997,QUVE-01,QUVE,143,138,-5
1998,QUVE-01,QUVE,122,122,0
1999,QUVE-01,QUVE,129,125,-4
2000,QUVE-01,QUVE,130,130,0
2001,QUVE-01,QUVE,124,124,0
2002,QUVE-01,QUVE,126,117,-9
2003,QUVE-01,QUVE,137,127,-10
2004,QUVE-01,QUVE,131,NA,NA
2005,QUVE-01,QUVE,132,NA,NA
2006,QUVE-01,QUVE,129,NA,NA
2007,QUVE-01,QUVE,131,NA,NA
2008,QUVE-01,QUVE,129,NA,NA
2009,QUVE-01,QUVE,126,NA,NA
2010,QUVE-01,QUVE,118,NA,NA
2011,QUVE-01,QUVE,132,NA,NA
2012,QUVE-01,QUVE,120,NA,NA
2013,QUVE-01,QUVE,127,NA,NA
2014,QUVE-01,QUVE,137,NA,NA
2015,QUVE-01,QUVE,129,NA,NA
2016,QUVE-01,QUVE,133,NA,NA
2017,QUVE-01,QUVE,124,NA,NA
2018,QUVE-01,QUVE,131,NA,NA
2019,QUVE-01,QUVE,136,NA,NA
2020,QUVE-01,QUVE,138,NA,NA
2021,QUVE-01,QUVE,129,NA,NA
2022,QUVE-01,QUVE,135,NA,NA
2023,QUVE-01,QUVE,125,NA,NA
1990,QUVE-02,QUVE,134,NA,NA
1991,QUVE-02,QUVE,139,NA,NA
1992,QUVE-02,QUVE,145,NA,NA
1993,QUVE-02,QUVE,128,NA,NA
1994,QUVE-02,QUVE,136,NA,NA
1995,QUVE-02,QUVE,132,NA,NA
1996,QUVE-02,QUVE,138,NA,NA
1997,QUVE-02,QUVE,138,NA,NA
1998,QUVE-02,QUVE,122,NA,NA
1999,QUVE-02,QUVE,130,NA,NA
2000,QUVE-02,QUVE,130,NA,NA
2001,QUVE-02,QUVE,125,NA,NA
2002,QUVE-02,QUVE,128,NA,NA
2003,QUVE-02,QUVE,138,NA,NA
2004,QUVE-02,QUVE,130,NA,NA
2005,QUVE-02,QUVE,152,NA,NA
2006,QUVE-02,QUVE,131,NA,NA
2007,QUVE-02,QUVE,130,NA,NA
2008,QUVE-02,QUVE,130,NA,NA
2009,QUVE-02,QUVE,124,NA,NA
2010,QUVE-02,QUVE,122,NA,NA
2011,QUVE-02,QUVE,132,NA,NA
2012,QUVE-02,QUVE,126,NA,NA
2013,QUVE-02,QUVE,128,NA,NA
2014,QUVE-02,QUVE,134,NA,NA
2015,QUVE-02,QUVE,131,NA,NA
2016,QUVE-02,QUVE,142,NA,NA
2017,QUVE-02,QUVE,136,NA,NA
1990,QUVE-03,QUVE,134,NA,NA
1991,QUVE-03,QUVE,126,132,6
1992,QUVE-03,QUVE,140,NA,NA
1993,QUVE-03,QUVE,128,NA,NA
1994,QUVE-03,QUVE,135,156,21
1995,QUVE-03,QUVE,136,149,13
1996,QUVE-03,QUVE,141,NA,NA
1997,QUVE-03,QUVE,143,150,7
1998,QUVE-03,QUVE,124,126,2
1999,QUVE-03,QUVE,132,132,0
2000,QUVE-03,QUVE,131,130,-1
2001,QUVE-03,QUVE,124,NA,NA
2002,QUVE-03,QUVE,129,NA,NA
2003,QUVE-03,QUVE,142,138,-4
2004,QUVE-03,QUVE,132,NA,NA
2005,QUVE-03,QUVE,132,NA,NA
2006,QUVE-03,QUVE,130,NA,NA
2007,QUVE-03,QUVE,130,NA,NA
2008,QUVE-03,QUVE,130,NA,NA
2009,QUVE-03,QUVE,125,NA,NA
2010,QUVE-03,QUVE,116,NA,NA
2011,QUVE-03,QUVE,131,NA,NA
2012,QUVE-03,QUVE,122,NA,NA
2013,QUVE-03,QUVE,127,NA,NA
2014,QUVE-03,QUVE,136,NA,NA
2015,QUVE-03,QUVE,129,NA,NA
2016,QUVE-03,QUVE,134,NA,NA
2017,QUVE-03,QUVE,125,NA,NA
2018,QUVE-03,QUVE,130,NA,NA
2019,QUVE-03,QUVE,133,NA,NA
2020,QUVE-03,QUVE,140,NA,NA
2021,QUVE-03,QUVE,129,NA,NA
2022,QUVE-03,QUVE,134,NA,NA
2023,QUVE-03,QUVE,126,NA,NA
1990,QUVE-04,QUVE,136,NA,NA
1991,QUVE-04,QUVE,130,NA,NA
1992,QUVE-04,QUVE,140,NA,NA
1993,QUVE-04,QUVE,128,NA,NA
1994,QUVE-04,QUVE,135,NA,NA
1995,QUVE-04,QUVE,136,NA,NA
1996,QUVE-04,QUVE,140,NA,NA
1997,QUVE-04,QUVE,142,NA,NA
1998,QUVE-04,QUVE,124,NA,NA
1999,QUVE-04,QUVE,131,NA,NA
2000,QUVE-04,QUVE,131,NA,NA
2001,QUVE-04,QUVE,124,NA,NA
2002,QUVE-04,QUVE,129,NA,NA
2003,QUVE-04,QUVE,140,NA,NA
2004,QUVE-04,QUVE,133,NA,NA
2005,QUVE-04,QUVE,133,NA,NA
2006,QUVE-04,QUVE,126,NA,NA
2007,QUVE-04,QUVE,130,NA,NA
2008,QUVE-04,QUVE,131,NA,NA
2009,QUVE-04,QUVE,126,NA,NA
2010,QUVE-04,QUVE,121,NA,NA
2011,QUVE-04,QUVE,133,NA,NA
2012,QUVE-04,QUVE,129,NA,NA
2013,QUVE-04,QUVE,129,NA,NA
2014,QUVE-04,QUVE,136,NA,NA
2015,QUVE-04,QUVE,131,NA,NA
2016,QUVE-04,QUVE,135,NA,NA
2017,QUVE-04,QUVE,128,NA,NA
2018,QUVE-04,QUVE,130,NA,NA
2019,QUVE-04,QUVE,136,NA,NA
2020,QUVE-04,QUVE,140,NA,NA
2021,QUVE-04,QUVE,131,NA,NA
2022,QUVE-04,QUVE,134,NA,NA
2023,QUVE-04,QUVE,132,NA,NA
2017,QUVE-05,QUVE,NA,NA,NA
2018,QUVE-05,QUVE,134,NA,NA
2019,QUVE-06,QUVE,135,NA,NA
2020,QUVE-06,QUVE,141,NA,NA
2021,QUVE-06,QUVE,130,NA,NA
2022,QUVE-06,QUVE,135,NA,NA
2023,QUVE-06,QUVE,129,NA,NA
1990,RHSP-01,RHSP,131,141,10
1991,RHSP-01,RHSP,127,135,8
1992,RHSP-01,RHSP,138,152,14
1993,RHSP-01,RHSP,123,142,19
1994,RHSP-01,RHSP,133,145,12
1995,RHSP-01,RHSP,131,144,13
1996,RHSP-01,RHSP,120,152,32
1997,RHSP-01,RHSP,136,157,21
1998,RHSP-01,RHSP,122,122,0
1999,RHSP-01,RHSP,128,144,16
2000,RHSP-01,RHSP,128,140,12
2001,RHSP-01,RHSP,126,143,17
1990,RHSP-02,RHSP,136,NA,NA
1991,RHSP-02,RHSP,129,135,6
1992,RHSP-02,RHSP,141,152,11
1993,RHSP-02,RHSP,128,142,14
1994,RHSP-02,RHSP,135,149,14
1995,RHSP-02,RHSP,139,144,5
1996,RHSP-02,RHSP,126,140,14
1997,RHSP-02,RHSP,141,157,16
1998,RHSP-02,RHSP,126,131,5
1999,RHSP-02,RHSP,132,132,0
2000,RHSP-02,RHSP,131,145,14
2001,RHSP-02,RHSP,134,148,14
1990,RHSP-03,RHSP,138,141,3
1991,RHSP-03,RHSP,135,138,3
1992,RHSP-03,RHSP,149,165,16
1993,RHSP-03,RHSP,134,142,8
1994,RHSP-03,RHSP,137,145,8
1995,RHSP-03,RHSP,139,149,10
1996,RHSP-03,RHSP,132,152,20
1997,RHSP-03,RHSP,142,NA,NA
1998,RHSP-03,RHSP,127,131,4
1999,RHSP-03,RHSP,134,132,-2
2000,RHSP-03,RHSP,135,149,14
2001,RHSP-03,RHSP,132,NA,NA
1990,SAPU-01,SAPU,118,129,11
1991,SAPU-01,SAPU,97,110,13
1992,SAPU-01,SAPU,113,134,21
1993,SAPU-01,SAPU,109,102,-7
1994,SAPU-01,SAPU,104,134,30
1995,SAPU-01,SAPU,114,130,16
1996,SAPU-01,SAPU,98,132,34
1997,SAPU-01,SAPU,103,134,31
1998,SAPU-01,SAPU,106,122,16
1999,SAPU-01,SAPU,100,104,4
2000,SAPU-01,SAPU,93,124,31
2001,SAPU-01,SAPU,113,124,11
2002,SAPU-01,SAPU,106,NA,NA
2003,SAPU-01,SAPU,112,127,15
1990,SAPU-02,SAPU,118,126,8
1991,SAPU-02,SAPU,93,94,1
1992,SAPU-02,SAPU,108,124,16
1993,SAPU-02,SAPU,109,120,11
1994,SAPU-02,SAPU,109,121,12
1995,SAPU-02,SAPU,114,90,-24
1996,SAPU-02,SAPU,96,125,29
1997,SAPU-02,SAPU,96,127,31
1998,SAPU-02,SAPU,106,116,10
1999,SAPU-02,SAPU,97,104,7
2000,SAPU-02,SAPU,91,124,33
2001,SAPU-02,SAPU,111,124,13
2002,SAPU-02,SAPU,106,112,6
2003,SAPU-02,SAPU,111,127,16
1991,SAPU-03,SAPU,151,NA,NA
1992,SAPU-03,SAPU,108,138,30
1993,SAPU-03,SAPU,109,102,-7
1994,SAPU-03,SAPU,103,121,18
1995,SAPU-03,SAPU,114,104,-10
1996,SAPU-03,SAPU,97,125,28
1997,SAPU-03,SAPU,102,130,28
1998,SAPU-03,SAPU,106,122,16
1999,SAPU-03,SAPU,98,120,22
2000,SAPU-03,SAPU,98,NA,NA
2001,SAPU-03,SAPU,115,128,13
2002,SAPU-03,SAPU,106,NA,NA
2003,SAPU-03,SAPU,113,132,19
2000,SAPU-04,SAPU,95,128,33
2001,SAPU-04,SAPU,112,124,12
2002,SAPU-04,SAPU,106,NA,NA
2003,SAPU-04,SAPU,107,127,20
1990,TSCA-01,TSCA,149,NA,NA
1991,TSCA-01,TSCA,150,NA,NA
1992,TSCA-01,TSCA,147,NA,NA
1993,TSCA-01,TSCA,138,NA,NA
1994,TSCA-01,TSCA,145,NA,NA
1995,TSCA-01,TSCA,142,NA,NA
1996,TSCA-01,TSCA,147,NA,NA
1997,TSCA-01,TSCA,151,NA,NA
1998,TSCA-01,TSCA,137,NA,NA
1999,TSCA-01,TSCA,141,NA,NA
2000,TSCA-01,TSCA,140,NA,NA
2001,TSCA-01,TSCA,148,NA,NA
1990,TSCA-02,TSCA,153,NA,NA
1991,TSCA-02,TSCA,142,NA,NA
1992,TSCA-02,TSCA,147,NA,NA
1990,TSCA-03,TSCA,147,NA,NA
1991,TSCA-03,TSCA,139,NA,NA
1992,TSCA-03,TSCA,145,NA,NA
1993,TSCA-04,TSCA,147,NA,NA
1994,TSCA-04,TSCA,147,NA,NA
1995,TSCA-04,TSCA,149,NA,NA
1996,TSCA-04,TSCA,151,NA,NA
1997,TSCA-04,TSCA,154,NA,NA
1998,TSCA-04,TSCA,140,NA,NA
1999,TSCA-04,TSCA,143,NA,NA
2000,TSCA-04,TSCA,141,NA,NA
2001,TSCA-04,TSCA,149,NA,NA
1993,TSCA-05,TSCA,138,NA,NA
1994,TSCA-05,TSCA,145,NA,NA
1995,TSCA-05,TSCA,139,NA,NA
1996,TSCA-05,TSCA,146,NA,NA
1997,TSCA-05,TSCA,150,NA,NA
1998,TSCA-05,TSCA,135,NA,NA
1999,TSCA-05,TSCA,138,NA,NA
2000,TSCA-05,TSCA,138,NA,NA
2001,TSCA-05,TSCA,148,NA,NA
1990,VACO-01,VACO,118,129,11
1991,VACO-01,VACO,102,119,17
1992,VACO-01,VACO,124,138,14
1993,VACO-01,VACO,117,130,13
1994,VACO-01,VACO,121,134,13
1995,VACO-01,VACO,126,134,8
1996,VACO-01,VACO,119,140,21
1997,VACO-01,VACO,126,138,12
1998,VACO-01,VACO,106,111,5
1999,VACO-01,VACO,120,129,9
2000,VACO-01,VACO,124,128,4
2001,VACO-01,VACO,122,128,6
1990,VACO-02,VACO,119,104,-15
1991,VACO-02,VACO,102,119,17
1992,VACO-02,VACO,132,138,6
1993,VACO-02,VACO,116,130,14
1994,VACO-02,VACO,121,134,13
1995,VACO-02,VACO,122,134,12
1996,VACO-02,VACO,119,136,17
1997,VACO-02,VACO,125,134,9
1998,VACO-02,VACO,106,122,16
1999,VACO-02,VACO,120,129,9
2000,VACO-02,VACO,119,128,9
2001,VACO-02,VACO,121,128,7
1990,VACO-03,VACO,118,132,14
1991,VACO-03,VACO,104,128,24
1992,VACO-03,VACO,131,141,10
1993,VACO-03,VACO,120,130,10
1994,VACO-03,VACO,121,115,-6
1995,VACO-03,VACO,126,139,13
1996,VACO-03,VACO,119,136,17
1997,VACO-03,VACO,129,144,15
1998,VACO-03,VACO,109,126,17
1999,VACO-03,VACO,121,129,8
2000,VACO-03,VACO,122,128,6
2001,VACO-03,VACO,123,134,11
1990,VACO-04,VACO,116,132,16
1991,VACO-04,VACO,109,128,19
1992,VACO-04,VACO,127,141,14
1993,VACO-04,VACO,116,130,14
1994,VACO-04,VACO,121,134,13
1995,VACO-04,VACO,126,139,13
1996,VACO-04,VACO,115,140,25
1997,VACO-04,VACO,125,144,19
1998,VACO-04,VACO,110,126,16
1999,VACO-04,VACO,120,125,5
2000,VACO-04,VACO,122,130,8
2001,VACO-04,VACO,121,128,7
1990,VIAL-01,VIAL,120,NA,NA
1991,VIAL-01,VIAL,112,110,-2
1992,VIAL-01,VIAL,123,NA,NA
1993,VIAL-01,VIAL,112,126,14
1994,VIAL-01,VIAL,115,121,6
1995,VIAL-01,VIAL,120,154,34
1996,VIAL-01,VIAL,114,NA,NA
1997,VIAL-01,VIAL,118,134,16
1998,VIAL-01,VIAL,106,111,5
1999,VIAL-01,VIAL,115,NA,NA
2000,VIAL-01,VIAL,115,128,13
2001,VIAL-01,VIAL,117,NA,NA
2002,VIAL-01,VIAL,NA,NA,NA
2003,VIAL-01,VIAL,120,132,12
1990,VIAL-02,VIAL,116,NA,NA
1991,VIAL-02,VIAL,114,NA,NA
1992,VIAL-02,VIAL,124,NA,NA
1993,VIAL-02,VIAL,114,NA,NA
1994,VIAL-02,VIAL,116,NA,NA
1995,VIAL-02,VIAL,120,NA,NA
1996,VIAL-02,VIAL,115,136,21
1997,VIAL-02,VIAL,123,NA,NA
1998,VIAL-02,VIAL,106,NA,NA
1999,VIAL-02,VIAL,114,NA,NA
2000,VIAL-02,VIAL,115,128,13
2001,VIAL-02,VIAL,122,NA,NA
2002,VIAL-02,VIAL,NA,NA,NA
2003,VIAL-02,VIAL,120,NA,NA
1990,VIAL-03,VIAL,119,122,3
1991,VIAL-03,VIAL,112,110,-2
1992,VIAL-03,VIAL,124,130,6
1993,VIAL-03,VIAL,112,138,26
1994,VIAL-03,VIAL,116,127,11
1995,VIAL-03,VIAL,120,130,10
1996,VIAL-03,VIAL,115,132,17
1997,VIAL-03,VIAL,120,134,14
1998,VIAL-03,VIAL,106,111,5
1999,VIAL-03,VIAL,119,108,-11
2000,VIAL-03,VIAL,118,119,1
2001,VIAL-03,VIAL,117,124,7
2003,VIAL-03,VIAL,118,123,5
1990,VICA-01,VICA,111,NA,NA
1991,VICA-01,VICA,97,NA,NA
1992,VICA-01,VICA,123,NA,NA
1993,VICA-01,VICA,103,NA,NA
1994,VICA-01,VICA,115,NA,NA
1995,VICA-01,VICA,114,NA,NA
1996,VICA-01,VICA,114,190,76
1997,VICA-01,VICA,117,NA,NA
1998,VICA-01,VICA,106,NA,NA
1999,VICA-01,VICA,108,164,56
2000,VICA-01,VICA,107,NA,NA
2001,VICA-01,VICA,116,NA,NA
2002,VICA-01,VICA,106,NA,NA
2003,VICA-01,VICA,116,NA,NA
1990,VICA-02,VICA,113,NA,NA
1991,VICA-02,VICA,97,NA,NA
1992,VICA-02,VICA,118,NA,NA
1993,VICA-02,VICA,117,NA,NA
1994,VICA-02,VICA,115,NA,NA
1995,VICA-02,VICA,120,NA,NA
1996,VICA-02,VICA,114,NA,NA
1997,VICA-02,VICA,118,NA,NA
1998,VICA-02,VICA,106,NA,NA
1999,VICA-02,VICA,109,NA,NA
2000,VICA-02,VICA,107,NA,NA
2001,VICA-02,VICA,117,NA,NA
2002,VICA-02,VICA,106,NA,NA
2003,VICA-02,VICA,117,NA,NA
1990,VICA-03,VICA,116,NA,NA
1991,VICA-03,VICA,97,NA,NA
1992,VICA-03,VICA,123,NA,NA
1993,VICA-03,VICA,119,NA,NA
1994,VICA-03,VICA,115,169,54
1995,VICA-03,VICA,120,144,24
1996,VICA-03,VICA,115,NA,NA
1997,VICA-03,VICA,123,NA,NA
1998,VICA-03,VICA,96,NA,NA
1999,VICA-03,VICA,109,NA,NA
2000,VICA-03,VICA,108,NA,NA
2001,VICA-03,VICA,121,NA,NA
2002,VICA-03,VICA,106,NA,NA
2003,VICA-03,VICA,118,NA,NA
